elbow_angle,wrist_angle,wrist_height,video,pct_of_shot
154.88166236891712,166.99132168998875,0.9048886033827519,Screen Recording 2026-10-02 at 7.55.58 PM,0
154.88166236891712,166.99132168998875,0.9048886033827519,Screen Recording 2026-10-02 at 7.55.58 PM,1
154.88166236891712,166.99132168998875,0.9048886033827519,Screen Recording 2026-10-02 at 7.55.58 PM,2
154.88166236891712,166.99132168998875,0.9048886033827519,Screen Recording 2026-10-02 at 7.55.58 PM,3
154.88166236891712,166.99132168998875,0.9048886033827519,Screen Recording 2026-10-02 at 7.55.58 PM,4
111.98787728579292,165.35854750166249,-1.5755835065387034,Screen Recording 2026-10-02 at 7.55.58 PM,5
150.51480503573006,172.40682821066548,0.1691681618339217,Screen Recording 2026-10-02 at 7.55.58 PM,6
159.94399259280624,177.13650450119226,-1.875803134773259,Screen Recording 2026-10-02 at 7.55.58 PM,7
160.43183725146852,175.88708056271952,-1.8957481374310772,Screen Recording 2026-10-02 at 7.55.58 PM,8
161.7599886681381,174.92621544903315,-1.8409187203744306,Screen Recording 2026-10-02 at 7.55.58 PM,9
165.94355104784427,122.40039928840643,-1.2991582779758724,Screen Recording 2026-10-02 at 7.55.58 PM,10
115.82563301904341,152.30272625295237,-0.931056554215937,Screen Recording 2026-10-02 at 7.55.58 PM,11
47.07579191397532,163.38983504787214,-0.7089393506211863,Screen Recording 2026-10-02 at 7.55.58 PM,12
151.73560905933337,163.35260228757383,-1.7157886505998508,Screen Recording 2026-10-02 at 7.55.58 PM,13
98.58831053575861,169.58830554956285,-0.25756058245326,Screen Recording 2026-10-02 at 7.55.58 PM,14
144.46918038693252,164.360207606101,-0.9384279893146258,Screen Recording 2026-10-02 at 7.55.58 PM,15
123.49344835582235,168.1495172812242,-0.4031812764351928,Screen Recording 2026-10-02 at 7.55.58 PM,16
165.38304274096154,164.8822783045263,0.6766169832110036,Screen Recording 2026-10-02 at 7.55.58 PM,17
83.02261944844534,174.10504627240522,0.7347089797987145,Screen Recording 2026-10-02 at 7.55.58 PM,18
61.160409985037866,176.00096966345387,-0.3280813590942181,Screen Recording 2026-10-02 at 7.55.58 PM,19
111.40323344107819,164.0521772391942,-1.3902975973957712,Screen Recording 2026-10-02 at 7.55.58 PM,20
56.95332464867977,153.5353796036152,-0.2610268875779048,Screen Recording 2026-10-02 at 7.55.58 PM,21
96.35882759782622,148.90006666912632,-0.8713976161185557,Screen Recording 2026-10-02 at 7.55.58 PM,22
122.11258250746789,148.2289829833762,-0.9786322617444783,Screen Recording 2026-10-02 at 7.55.58 PM,23
110.8190190261008,150.9983644661421,-0.9104428610799196,Screen Recording 2026-10-02 at 7.55.58 PM,24
115.36397268232312,142.58734253116938,-0.8442203528336528,Screen Recording 2026-10-02 at 7.55.58 PM,25
98.42457220737427,148.3714033091067,-0.8079701365401155,Screen Recording 2026-10-02 at 7.55.58 PM,26
99.00814926941439,153.44693187715978,-0.8130897951443878,Screen Recording 2026-10-02 at 7.55.58 PM,27
118.07031442024027,108.75836312045925,-0.8455079905199457,Screen Recording 2026-10-02 at 7.55.58 PM,28
125.24103493068395,138.2035941811403,-0.902848536802612,Screen Recording 2026-10-02 at 7.55.58 PM,29
117.9397736705707,154.18135330425926,-0.8452306075343043,Screen Recording 2026-10-02 at 7.55.58 PM,30
125.91456461769991,143.46510294861704,-0.9959522322590689,Screen Recording 2026-10-02 at 7.55.58 PM,31
45.555349116198926,159.62619084529317,-0.6816335211628077,Screen Recording 2026-10-02 at 7.55.58 PM,32
122.64985251489699,139.122716530652,-1.54130122418484,Screen Recording 2026-10-02 at 7.55.58 PM,33
151.51527658998702,153.2876727723302,-1.3479930949506784,Screen Recording 2026-10-02 at 7.55.58 PM,34
164.62774644206272,161.4742819708416,-1.8520109560784999,Screen Recording 2026-10-02 at 7.55.58 PM,35
143.36851600570085,153.48265464796748,-1.5795863613387706,Screen Recording 2026-10-02 at 7.55.58 PM,36
161.20869890044636,159.75562016355846,-1.2977220137940102,Screen Recording 2026-10-02 at 7.55.58 PM,37
158.97568033406637,167.30660188170594,-1.5397341769681863,Screen Recording 2026-10-02 at 7.55.58 PM,38
127.49147212940046,163.5575308397787,-1.4733739388817544,Screen Recording 2026-10-02 at 7.55.58 PM,39
143.90349238965138,177.82535861578026,0.12958959888192856,Screen Recording 2026-10-02 at 7.55.58 PM,40
79.89644602344633,177.34452785679673,0.43440417651125285,Screen Recording 2026-10-02 at 7.55.58 PM,41
46.08145525065018,172.39295253603427,0.695292374074278,Screen Recording 2026-10-02 at 7.55.58 PM,42
48.093600621517965,166.8215378759381,1.0921897966178786,Screen Recording 2026-10-02 at 7.55.58 PM,43
41.37973605973774,172.93551866766492,0.7980663371482275,Screen Recording 2026-10-02 at 7.55.58 PM,44
37.51441012697513,178.76610342916544,0.5600903020375088,Screen Recording 2026-10-02 at 7.55.58 PM,45
50.60819459624466,175.97876372612802,1.0190300670720713,Screen Recording 2026-10-02 at 7.55.58 PM,46
57.67556209851884,173.65248654043424,1.321346754906134,Screen Recording 2026-10-02 at 7.55.58 PM,47
30.225826859629166,169.23974965061154,0.08324653241749022,Screen Recording 2026-10-02 at 7.55.58 PM,48
22.851311909715587,170.23742307932974,0.05185338486667787,Screen Recording 2026-10-02 at 7.55.58 PM,49
26.695274259253544,168.32567155460896,-0.17884856811366823,Screen Recording 2026-10-02 at 7.55.58 PM,50
32.79830881001715,171.16025225910113,0.39921965056814424,Screen Recording 2026-10-02 at 7.55.58 PM,51
66.41534471729966,170.53438299164299,-0.43479639345602833,Screen Recording 2026-10-02 at 7.55.58 PM,52
102.86289049224459,171.79264718159885,-0.4186192708133129,Screen Recording 2026-10-02 at 7.55.58 PM,53
139.31043626718912,173.05091137155475,-0.40244214817059765,Screen Recording 2026-10-02 at 7.55.58 PM,54
171.1028191509268,174.20049464236203,-0.42697502605849075,Screen Recording 2026-10-02 at 7.55.58 PM,55
170.0317950409378,174.58283832093548,-0.7389026412345723,Screen Recording 2026-10-02 at 7.55.58 PM,56
168.31867949767874,174.95019152790218,-1.0564454288976344,Screen Recording 2026-10-02 at 7.55.58 PM,57
166.60556395441975,175.31754473486896,-1.3739882165606967,Screen Recording 2026-10-02 at 7.55.58 PM,58
164.89244841116073,175.6848979418357,-1.6915310042237588,Screen Recording 2026-10-02 at 7.55.58 PM,59
163.1793328679017,176.05225114880238,-2.009073791886821,Screen Recording 2026-10-02 at 7.55.58 PM,60
153.75190462260264,153.91802102926923,-1.7967397749241678,Screen Recording 2026-10-02 at 7.55.58 PM,61
144.95526371078083,156.34960106654646,-1.5376497663994249,Screen Recording 2026-10-02 at 7.55.58 PM,62
136.15862279895902,158.78118110382374,-1.2785597578746821,Screen Recording 2026-10-02 at 7.55.58 PM,63
127.36198188713723,161.212761141101,-1.0194697493499394,Screen Recording 2026-10-02 at 7.55.58 PM,64
118.56534097531544,163.64434117837823,-0.7603797408251968,Screen Recording 2026-10-02 at 7.55.58 PM,65
109.76870006349365,166.07592121565543,-0.501289732300454,Screen Recording 2026-10-02 at 7.55.58 PM,66
100.97205915167184,168.50750125293268,-0.24219972377571128,Screen Recording 2026-10-02 at 7.55.58 PM,67
92.17541823985015,170.9390812902099,0.016890284749028716,Screen Recording 2026-10-02 at 7.55.58 PM,68
83.37877732802836,173.37066132748717,0.2759802932737715,Screen Recording 2026-10-02 at 7.55.58 PM,69
21.271291218516097,164.614091214886,-0.1565020532659207,Screen Recording 2026-10-02 at 7.55.58 PM,70
53.16895412819604,170.01351220191006,0.22145236089574521,Screen Recording 2026-10-02 at 7.55.58 PM,71
78.74372652549431,174.28848037593946,0.5432383635522119,Screen Recording 2026-10-02 at 7.55.58 PM,72
77.0686343700681,174.24211571893372,0.5161179776641295,Screen Recording 2026-10-02 at 7.55.58 PM,73
38.14969381055416,177.57608595566697,0.3025758159680644,Screen Recording 2026-10-02 at 7.55.58 PM,74
38.14969381055416,177.57608595566697,0.3025758159680644,Screen Recording 2026-10-02 at 7.55.58 PM,75
38.14969381055416,177.57608595566697,0.3025758159680644,Screen Recording 2026-10-02 at 7.55.58 PM,76
38.14969381055416,177.57608595566697,0.3025758159680644,Screen Recording 2026-10-02 at 7.55.58 PM,77
38.14969381055416,177.57608595566697,0.3025758159680644,Screen Recording 2026-10-02 at 7.55.58 PM,78
38.14969381055416,177.57608595566697,0.3025758159680644,Screen Recording 2026-10-02 at 7.55.58 PM,79
38.14969381055416,177.57608595566697,0.3025758159680644,Screen Recording 2026-10-02 at 7.55.58 PM,80
38.14969381055416,177.57608595566697,0.3025758159680644,Screen Recording 2026-10-02 at 7.55.58 PM,81
38.14969381055416,177.57608595566697,0.3025758159680644,Screen Recording 2026-10-02 at 7.55.58 PM,82
38.14969381055416,177.57608595566697,0.3025758159680644,Screen Recording 2026-10-02 at 7.55.58 PM,83
38.14969381055416,177.57608595566697,0.3025758159680644,Screen Recording 2026-10-02 at 7.55.58 PM,84
38.14969381055416,177.57608595566697,0.3025758159680644,Screen Recording 2026-10-02 at 7.55.58 PM,85
38.14969381055416,177.57608595566697,0.3025758159680644,Screen Recording 2026-10-02 at 7.55.58 PM,86
38.14969381055416,177.57608595566697,0.3025758159680644,Screen Recording 2026-10-02 at 7.55.58 PM,87
38.14969381055416,177.57608595566697,0.3025758159680644,Screen Recording 2026-10-02 at 7.55.58 PM,88
38.14969381055416,177.57608595566697,0.3025758159680644,Screen Recording 2026-10-02 at 7.55.58 PM,89
38.14969381055416,177.57608595566697,0.3025758159680644,Screen Recording 2026-10-02 at 7.55.58 PM,90
38.14969381055416,177.57608595566697,0.3025758159680644,Screen Recording 2026-10-02 at 7.55.58 PM,91
38.14969381055416,177.57608595566697,0.3025758159680644,Screen Recording 2026-10-02 at 7.55.58 PM,92
38.14969381055416,177.57608595566697,0.3025758159680644,Screen Recording 2026-10-02 at 7.55.58 PM,93
38.14969381055416,177.57608595566697,0.3025758159680644,Screen Recording 2026-10-02 at 7.55.58 PM,94
38.14969381055416,177.57608595566697,0.3025758159680644,Screen Recording 2026-10-02 at 7.55.58 PM,95
38.14969381055416,177.57608595566697,0.3025758159680644,Screen Recording 2026-10-02 at 7.55.58 PM,96
38.14969381055416,177.57608595566697,0.3025758159680644,Screen Recording 2026-10-02 at 7.55.58 PM,97
38.14969381055416,177.57608595566697,0.3025758159680644,Screen Recording 2026-10-02 at 7.55.58 PM,98
38.14969381055416,177.57608595566697,0.3025758159680644,Screen Recording 2026-10-02 at 7.55.58 PM,99
91.99572510609313,149.2763881305253,-0.342354141810515,Screen Recording 2026-10-02 at 8.13.56 PM,0
160.06571255078754,167.2491798363926,-1.2087726049693288,Screen Recording 2026-10-02 at 8.13.56 PM,1
141.32685948657397,145.65101470837146,-0.9072659841659618,Screen Recording 2026-10-02 at 8.13.56 PM,2
176.1695672543958,171.58808551336935,-1.885267887312924,Screen Recording 2026-10-02 at 8.13.56 PM,3
5.074586577474636,169.75536772984628,0.2007598478939921,Screen Recording 2026-10-02 at 8.13.56 PM,4
73.5332375990397,133.69097793327896,-0.2639817956815221,Screen Recording 2026-10-02 at 8.13.56 PM,5
119.88116919301982,99.8520006632148,-1.1418959544426908,Screen Recording 2026-10-02 at 8.13.56 PM,6
127.42008797519112,154.64064575176673,-0.8567990809062878,Screen Recording 2026-10-02 at 8.13.56 PM,7
164.5617569672408,141.42257641381812,-1.3149052722028602,Screen Recording 2026-10-02 at 8.13.56 PM,8
152.4264168027842,157.72113010056344,-0.7668478504936729,Screen Recording 2026-10-02 at 8.13.56 PM,9
157.17483928660803,131.16944012375725,-1.8791015150025332,Screen Recording 2026-10-02 at 8.13.56 PM,10
159.5369258265318,140.51870086015782,-1.8056576300141436,Screen Recording 2026-10-02 at 8.13.56 PM,11
159.06807923560805,166.11620169595545,-1.7188350140950936,Screen Recording 2026-10-02 at 8.13.56 PM,12
160.72488016148017,171.82182756761696,-1.5248336405203302,Screen Recording 2026-10-02 at 8.13.56 PM,13
174.8058360332755,170.55004251381885,-1.8910278467571506,Screen Recording 2026-10-02 at 8.13.56 PM,14
177.10452647441556,175.91627107158715,-1.8377248503782049,Screen Recording 2026-10-02 at 8.13.56 PM,15
169.41563693846598,130.77577171018882,-1.3957141254661911,Screen Recording 2026-10-02 at 8.13.56 PM,16
173.36719405254385,177.96225218281214,-1.7175969999891547,Screen Recording 2026-10-02 at 8.13.56 PM,17
177.82078726092092,172.44129605242713,-1.7742864706984838,Screen Recording 2026-10-02 at 8.13.56 PM,18
155.84012528222658,135.80825222165254,-1.7464002773655625,Screen Recording 2026-10-02 at 8.13.56 PM,19
156.16933542264107,105.3992158567649,-1.5583727128956022,Screen Recording 2026-10-02 at 8.13.56 PM,20
177.68538491900713,175.35567669802225,-1.803334931054932,Screen Recording 2026-10-02 at 8.13.56 PM,21
169.96485337126435,165.28749234375942,-1.8153707156364582,Screen Recording 2026-10-02 at 8.13.56 PM,22
153.5569861601091,165.4745091285103,-1.5972345829543806,Screen Recording 2026-10-02 at 8.13.56 PM,23
176.27919408828993,177.15512368772514,-1.834570403241383,Screen Recording 2026-10-02 at 8.13.56 PM,24
170.20455272042216,173.07014223956125,-1.825853223498055,Screen Recording 2026-10-02 at 8.13.56 PM,25
42.851775819165205,169.5005874747649,-0.7182740937509319,Screen Recording 2026-10-02 at 8.13.56 PM,26
17.42248773655731,169.0195233730538,0.006613054352800203,Screen Recording 2026-10-02 at 8.13.56 PM,27
130.63420390473982,96.16858453752123,-0.9573011652977311,Screen Recording 2026-10-02 at 8.13.56 PM,28
148.67009174889589,157.13238354001797,-1.3620501185351284,Screen Recording 2026-10-02 at 8.13.56 PM,29
118.53253884882461,148.71474052855592,-0.8868764139351071,Screen Recording 2026-10-02 at 8.13.56 PM,30
75.53991683376866,153.24490615911512,-1.2263179742021086,Screen Recording 2026-10-02 at 8.13.56 PM,31
123.6020568091845,159.99983695194464,-1.1669096887826014,Screen Recording 2026-10-02 at 8.13.56 PM,32
107.23180757705434,152.91265927749313,-1.3982684686832958,Screen Recording 2026-10-02 at 8.13.56 PM,33
89.75633100110925,168.31280945819347,0.7258866692051895,Screen Recording 2026-10-02 at 8.13.56 PM,34
159.48595076570797,175.52401319805338,-1.7649495397187225,Screen Recording 2026-10-02 at 8.13.56 PM,35
143.87134966967238,169.11697927427588,-1.0828765334395725,Screen Recording 2026-10-02 at 8.13.56 PM,36
136.78683956024125,156.6437963745462,-1.4569798025614127,Screen Recording 2026-10-02 at 8.13.56 PM,37
119.32976468587987,145.38664398913892,-1.596021073916479,Screen Recording 2026-10-02 at 8.13.56 PM,38
138.62529515160216,154.58283283448878,-1.4314667385347786,Screen Recording 2026-10-02 at 8.13.56 PM,39
165.35769566317916,158.3101196367191,-1.4579139658027853,Screen Recording 2026-10-02 at 8.13.56 PM,40
40.37070372058723,168.32942097800242,-0.7211201954338452,Screen Recording 2026-10-02 at 8.13.56 PM,41
130.613799341029,153.58616571617762,-1.507196527925064,Screen Recording 2026-10-02 at 8.13.56 PM,42
34.3313421606935,167.5064841772584,-0.39563758775070923,Screen Recording 2026-10-02 at 8.13.56 PM,43
115.51425335652861,151.715787293261,-1.3531752258482042,Screen Recording 2026-10-02 at 8.13.56 PM,44
39.9851161582239,173.78564962905847,10.011731158748049,Screen Recording 2026-10-02 at 8.13.56 PM,45
168.29571925170347,178.22772328935977,-1.3065739007222072,Screen Recording 2026-10-02 at 8.13.56 PM,46
72.6632529877087,161.78056646345127,1.7065305660482044,Screen Recording 2026-10-02 at 8.13.56 PM,47
17.717247189813367,171.02777697737528,1.1828292441000785,Screen Recording 2026-10-02 at 8.13.56 PM,48
101.22644149698024,167.54610572199476,-1.189543063347709,Screen Recording 2026-10-02 at 8.13.56 PM,49
167.04728125172528,167.07234070373258,-1.8698031876553731,Screen Recording 2026-10-02 at 8.13.56 PM,50
163.75346355610003,166.29532006765385,-1.921284826814368,Screen Recording 2026-10-02 at 8.13.56 PM,51
167.56376617339498,174.52079427759986,-1.8728131077053984,Screen Recording 2026-10-02 at 8.13.56 PM,52
78.70495496208436,96.71536994351129,-0.8930699974987207,Screen Recording 2026-10-02 at 8.13.56 PM,53
160.54148801940204,164.67677536452356,-1.771248689162143,Screen Recording 2026-10-02 at 8.13.56 PM,54
167.6793645436184,175.10313769995543,-1.8035681959050334,Screen Recording 2026-10-02 at 8.13.56 PM,55
111.47770937583385,169.49638418452167,-1.0389611646457602,Screen Recording 2026-10-02 at 8.13.56 PM,56
159.06205742083813,173.94721019839636,-1.8928244059813357,Screen Recording 2026-10-02 at 8.13.56 PM,57
164.47150209424998,166.75740540399585,-1.8966218845009946,Screen Recording 2026-10-02 at 8.13.56 PM,58
27.350728351366175,175.9297641058747,1.2904623105546809,Screen Recording 2026-10-02 at 8.13.56 PM,59
112.8252749357442,166.43660947137764,-1.7873413686763084,Screen Recording 2026-10-02 at 8.13.56 PM,60
164.53905815068424,155.67380122152184,-1.9498907470674764,Screen Recording 2026-10-02 at 8.13.56 PM,61
124.18728970348194,158.42762723480132,-1.8026697970039514,Screen Recording 2026-10-02 at 8.13.56 PM,62
15.45502720555205,162.15079339201145,-0.20048163356624235,Screen Recording 2026-10-02 at 8.13.56 PM,63
99.98412420799283,161.1584168563976,1.6305084903637503,Screen Recording 2026-10-02 at 8.13.56 PM,64
61.767772597924946,159.3403235403381,-0.19443761443259094,Screen Recording 2026-10-02 at 8.13.56 PM,65
177.1510852505899,167.47782755090302,-1.6874758287477551,Screen Recording 2026-10-02 at 8.13.56 PM,66
109.62063539551353,145.0539841894866,-0.7072664432050676,Screen Recording 2026-10-02 at 8.13.56 PM,67
144.42520509444563,140.09910521345435,-1.0103514152032098,Screen Recording 2026-10-02 at 8.13.56 PM,68
32.27267418080267,128.08514990034328,0.5538627481397366,Screen Recording 2026-10-02 at 8.13.56 PM,69
42.70372006133548,171.1944378350328,0.3461072043133896,Screen Recording 2026-10-02 at 8.13.56 PM,70
42.34013550707662,159.02015299329844,-0.8326676910823839,Screen Recording 2026-10-02 at 8.13.56 PM,71
89.61603519814665,154.75526242002363,-0.8091513103919975,Screen Recording 2026-10-02 at 8.13.56 PM,72
133.46237019967822,127.37930505604574,-1.2460559996228937,Screen Recording 2026-10-02 at 8.13.56 PM,73
63.74164883021089,156.8952490137052,-0.892341853730736,Screen Recording 2026-10-02 at 8.13.56 PM,74
9.867557381719871,169.29684799512245,0.10557524521349884,Screen Recording 2026-10-02 at 8.13.56 PM,75
29.0857748445748,171.90947958778685,0.37751192825359303,Screen Recording 2026-10-02 at 8.13.56 PM,76
142.39813770137388,166.79899229461552,-1.4582481967760108,Screen Recording 2026-10-02 at 8.13.56 PM,77
129.20309259003633,159.42841843671715,-1.4710604139354075,Screen Recording 2026-10-02 at 8.13.56 PM,78
122.98739845078536,173.28443388057178,-1.336053620911051,Screen Recording 2026-10-02 at 8.13.56 PM,79
134.34570188128458,160.150350588814,-1.3390462607126399,Screen Recording 2026-10-02 at 8.13.56 PM,80
124.41713342696004,170.10245591493185,-1.4622447334388056,Screen Recording 2026-10-02 at 8.13.56 PM,81
135.48073673275334,169.42609347314541,-1.4501623487802229,Screen Recording 2026-10-02 at 8.13.56 PM,82
145.01272971186395,166.46118447324824,-1.453875191899059,Screen Recording 2026-10-02 at 8.13.56 PM,83
117.45728100119835,164.17073542619866,-1.5118256581710654,Screen Recording 2026-10-02 at 8.13.56 PM,84
144.81681592636713,170.28768401481585,-1.586220144951939,Screen Recording 2026-10-02 at 8.13.56 PM,85
105.07468000581042,175.72823629294155,-1.3462906257285658,Screen Recording 2026-10-02 at 8.13.56 PM,86
176.13066050284982,177.1185850016522,-1.745316618023037,Screen Recording 2026-10-02 at 8.13.56 PM,87
153.5603475848308,149.89009041638508,-1.43097850714744,Screen Recording 2026-10-02 at 8.13.56 PM,88
147.17606067740527,164.19590087579527,-1.451326986155763,Screen Recording 2026-10-02 at 8.13.56 PM,89
127.27370429552325,167.87941260627431,-1.5748818866522798,Screen Recording 2026-10-02 at 8.13.56 PM,90
145.2290302393541,168.60322576997726,-1.7640380761299952,Screen Recording 2026-10-02 at 8.13.56 PM,91
110.80678070212763,154.61756099529865,-1.3446946588354296,Screen Recording 2026-10-02 at 8.13.56 PM,92
128.88268114513818,114.82873285175089,-1.2131727786078508,Screen Recording 2026-10-02 at 8.13.56 PM,93
147.19791422152167,172.02242770458344,-1.6416416410112042,Screen Recording 2026-10-02 at 8.13.56 PM,94
152.02743185728858,156.65357125660165,-0.9862499906895987,Screen Recording 2026-10-02 at 8.13.56 PM,95
161.3691326651645,174.32133124491736,-1.514683711358678,Screen Recording 2026-10-02 at 8.13.56 PM,96
156.03526193438162,164.91593057902222,-1.8269468203497603,Screen Recording 2026-10-02 at 8.13.56 PM,97
163.66966856604552,161.96401785356647,-1.3623546858726172,Screen Recording 2026-10-02 at 8.13.56 PM,98
110.23389760110747,165.5779476573169,-1.382674787299506,Screen Recording 2026-10-02 at 8.13.56 PM,99
162.81050651453737,134.8381693053508,-1.968826849968078,ScreenRecording_10-03-2026 2-14-51 PM_1 2,0
162.81050651453737,134.8381693053508,-1.968826849968078,ScreenRecording_10-03-2026 2-14-51 PM_1 2,1
162.81050651453737,134.8381693053508,-1.968826849968078,ScreenRecording_10-03-2026 2-14-51 PM_1 2,2
162.81050651453737,134.8381693053508,-1.968826849968078,ScreenRecording_10-03-2026 2-14-51 PM_1 2,3
162.81050651453737,134.8381693053508,-1.968826849968078,ScreenRecording_10-03-2026 2-14-51 PM_1 2,4
162.81050651453737,134.8381693053508,-1.968826849968078,ScreenRecording_10-03-2026 2-14-51 PM_1 2,5
162.81050651453737,134.8381693053508,-1.968826849968078,ScreenRecording_10-03-2026 2-14-51 PM_1 2,6
162.81050651453737,134.8381693053508,-1.968826849968078,ScreenRecording_10-03-2026 2-14-51 PM_1 2,7
162.81050651453737,134.8381693053508,-1.968826849968078,ScreenRecording_10-03-2026 2-14-51 PM_1 2,8
162.81050651453737,134.8381693053508,-1.968826849968078,ScreenRecording_10-03-2026 2-14-51 PM_1 2,9
162.81050651453737,134.8381693053508,-1.968826849968078,ScreenRecording_10-03-2026 2-14-51 PM_1 2,10
162.81050651453737,134.8381693053508,-1.968826849968078,ScreenRecording_10-03-2026 2-14-51 PM_1 2,11
162.81050651453737,134.8381693053508,-1.968826849968078,ScreenRecording_10-03-2026 2-14-51 PM_1 2,12
162.81050651453737,134.8381693053508,-1.968826849968078,ScreenRecording_10-03-2026 2-14-51 PM_1 2,13
162.81050651453737,134.8381693053508,-1.968826849968078,ScreenRecording_10-03-2026 2-14-51 PM_1 2,14
162.75637076268924,135.92346894652005,-1.9560495100195712,ScreenRecording_10-03-2026 2-14-51 PM_1 2,15
162.41283818670246,143.32376488174438,-1.8796354235910713,ScreenRecording_10-03-2026 2-14-51 PM_1 2,16
161.97685306530258,151.51036061787957,-1.8496948144786376,ScreenRecording_10-03-2026 2-14-51 PM_1 2,17
160.90349287218945,159.4433767002021,-1.8240374681905356,ScreenRecording_10-03-2026 2-14-51 PM_1 2,18
161.10093429835916,168.02080466937,-1.8098189842578831,ScreenRecording_10-03-2026 2-14-51 PM_1 2,19
161.77144445354426,175.32225798418887,-1.8199869077388982,ScreenRecording_10-03-2026 2-14-51 PM_1 2,20
162.89624484783405,176.76708440281473,-1.8852473325150592,ScreenRecording_10-03-2026 2-14-51 PM_1 2,21
164.6524807562489,177.20675645723637,-1.898747909722592,ScreenRecording_10-03-2026 2-14-51 PM_1 2,22
167.00731246353044,178.00538000206816,-1.89860587662429,ScreenRecording_10-03-2026 2-14-51 PM_1 2,23
167.82071431510232,177.85740643350266,-1.8808636931161902,ScreenRecording_10-03-2026 2-14-51 PM_1 2,24
168.68719714435676,178.07389688357998,-1.8488199266866465,ScreenRecording_10-03-2026 2-14-51 PM_1 2,25
169.18340878512822,177.5488752536245,-1.805221748421126,ScreenRecording_10-03-2026 2-14-51 PM_1 2,26
167.40719473756386,175.96181185488845,-1.7491115678571714,ScreenRecording_10-03-2026 2-14-51 PM_1 2,27
163.69158417601352,174.36858630827138,-1.6948692373772491,ScreenRecording_10-03-2026 2-14-51 PM_1 2,28
159.6189947378484,170.79299188923923,-1.6500202766283103,ScreenRecording_10-03-2026 2-14-51 PM_1 2,29
153.5878752660862,165.62778782911346,-1.6135201295953687,ScreenRecording_10-03-2026 2-14-51 PM_1 2,30
147.57901678559017,162.31820667899672,-1.5914810311482612,ScreenRecording_10-03-2026 2-14-51 PM_1 2,31
143.24903540628156,160.04727704385894,-1.5913003462549622,ScreenRecording_10-03-2026 2-14-51 PM_1 2,32
140.6051851221089,157.99331877790206,-1.5969929124697488,ScreenRecording_10-03-2026 2-14-51 PM_1 2,33
138.73019693477826,158.67031144885408,-1.600786894063871,ScreenRecording_10-03-2026 2-14-51 PM_1 2,34
138.2758610728904,161.2148337060705,-1.6096774636841022,ScreenRecording_10-03-2026 2-14-51 PM_1 2,35
137.9246320260259,163.98154400810185,-1.6258243901159959,ScreenRecording_10-03-2026 2-14-51 PM_1 2,36
138.12963014906157,167.0799126369368,-1.644428149969702,ScreenRecording_10-03-2026 2-14-51 PM_1 2,37
138.7913448666153,169.8703609531413,-1.6676314988208072,ScreenRecording_10-03-2026 2-14-51 PM_1 2,38
139.50096369023154,171.5400578434966,-1.6886497955365438,ScreenRecording_10-03-2026 2-14-51 PM_1 2,39
140.48361567889904,172.19347307221955,-1.7056603311164409,ScreenRecording_10-03-2026 2-14-51 PM_1 2,40
142.07735654741523,171.58230341435313,-1.7207046657349152,ScreenRecording_10-03-2026 2-14-51 PM_1 2,41
143.51902639186616,170.5277895075732,-1.7344528549631806,ScreenRecording_10-03-2026 2-14-51 PM_1 2,42
144.688287998993,169.41183215623235,-1.7477976076177733,ScreenRecording_10-03-2026 2-14-51 PM_1 2,43
145.8789802401205,168.72644329098458,-1.7673062266428612,ScreenRecording_10-03-2026 2-14-51 PM_1 2,44
146.82603851317216,168.80656190127792,-1.7835545915410893,ScreenRecording_10-03-2026 2-14-51 PM_1 2,45
147.62070180025958,170.19050293930403,-1.7953577191799064,ScreenRecording_10-03-2026 2-14-51 PM_1 2,46
148.74695752831897,171.9266222764035,-1.8098488269281332,ScreenRecording_10-03-2026 2-14-51 PM_1 2,47
150.22033163941674,173.1492386450513,-1.824828697557078,ScreenRecording_10-03-2026 2-14-51 PM_1 2,48
151.84217555002934,174.36390319985645,-1.83407125018291,ScreenRecording_10-03-2026 2-14-51 PM_1 2,49
153.562288894559,174.89425892741315,-1.8424522484081203,ScreenRecording_10-03-2026 2-14-51 PM_1 2,50
155.00145636144396,173.7340488788264,-1.8486385488128938,ScreenRecording_10-03-2026 2-14-51 PM_1 2,51
155.96085288590865,172.17139507855563,-1.8484051689682615,ScreenRecording_10-03-2026 2-14-51 PM_1 2,52
156.5851238667876,171.41829067221508,-1.843915955748235,ScreenRecording_10-03-2026 2-14-51 PM_1 2,53
156.94343912710906,171.01470447765556,-1.839197541437706,ScreenRecording_10-03-2026 2-14-51 PM_1 2,54
157.23569844426729,170.94408209256247,-1.8371926966518737,ScreenRecording_10-03-2026 2-14-51 PM_1 2,55
157.65633171288542,171.78968821432076,-1.8373363573877954,ScreenRecording_10-03-2026 2-14-51 PM_1 2,56
158.11853136000025,172.93223150476774,-1.838722254488399,ScreenRecording_10-03-2026 2-14-51 PM_1 2,57
158.54143180903972,174.01228507920433,-1.8400688917528594,ScreenRecording_10-03-2026 2-14-51 PM_1 2,58
159.11288427176564,175.34757177753258,-1.8464848910078226,ScreenRecording_10-03-2026 2-14-51 PM_1 2,59
159.45842990590475,176.6335051116288,-1.8544820082498819,ScreenRecording_10-03-2026 2-14-51 PM_1 2,60
159.54835084797386,177.51153064855512,-1.8622510386376536,ScreenRecording_10-03-2026 2-14-51 PM_1 2,61
159.63855039653578,178.17376829716468,-1.8709265346997404,ScreenRecording_10-03-2026 2-14-51 PM_1 2,62
159.5705750202742,178.70055659136125,-1.8797268583197508,ScreenRecording_10-03-2026 2-14-51 PM_1 2,63
159.2551843636827,178.287254413071,-1.8822515728081337,ScreenRecording_10-03-2026 2-14-51 PM_1 2,64
159.02732045942872,177.28456577933667,-1.8803543067579584,ScreenRecording_10-03-2026 2-14-51 PM_1 2,65
158.72829574879003,176.00465957225995,-1.8750075471910868,ScreenRecording_10-03-2026 2-14-51 PM_1 2,66
158.1828941794324,174.61402113145604,-1.8657161494974268,ScreenRecording_10-03-2026 2-14-51 PM_1 2,67
157.71457386401062,173.43192917306163,-1.8540354912565,ScreenRecording_10-03-2026 2-14-51 PM_1 2,68
157.2718533163123,172.30563010062681,-1.84391142119064,ScreenRecording_10-03-2026 2-14-51 PM_1 2,69
156.8607066452029,171.43111003011694,-1.8353330172555151,ScreenRecording_10-03-2026 2-14-51 PM_1 2,70
156.53826198870536,171.17412426391067,-1.826791043798371,ScreenRecording_10-03-2026 2-14-51 PM_1 2,71
156.43439408688758,171.52105212592247,-1.8193201978161055,ScreenRecording_10-03-2026 2-14-51 PM_1 2,72
156.28660412548723,171.8655750234472,-1.8138820459748448,ScreenRecording_10-03-2026 2-14-51 PM_1 2,73
156.34357667559902,172.91696431076554,-1.8079014086904597,ScreenRecording_10-03-2026 2-14-51 PM_1 2,74
157.13390641019788,173.99622619388586,-1.799818078265114,ScreenRecording_10-03-2026 2-14-51 PM_1 2,75
157.7322456503341,175.05001913644335,-1.7923163098262398,ScreenRecording_10-03-2026 2-14-51 PM_1 2,76
158.18757440839704,175.75081260558335,-1.786114003149957,ScreenRecording_10-03-2026 2-14-51 PM_1 2,77
158.9221561857235,176.6223147707764,-1.7797254792644475,ScreenRecording_10-03-2026 2-14-51 PM_1 2,78
158.76396228297492,176.92686348977804,-1.782072144711795,ScreenRecording_10-03-2026 2-14-51 PM_1 2,79
157.53371580845086,176.4143468632516,-1.788440132137805,ScreenRecording_10-03-2026 2-14-51 PM_1 2,80
155.85193651968245,174.76678438826127,-1.7934606895481793,ScreenRecording_10-03-2026 2-14-51 PM_1 2,81
154.37293976021104,173.26718171349358,-1.7941168963445526,ScreenRecording_10-03-2026 2-14-51 PM_1 2,82
152.919944463697,172.42530343031638,-1.7944269456473243,ScreenRecording_10-03-2026 2-14-51 PM_1 2,83
152.25957853673225,172.36496699273536,-1.7818631093884691,ScreenRecording_10-03-2026 2-14-51 PM_1 2,84
151.9031268736704,173.5075299623547,-1.7690368958433713,ScreenRecording_10-03-2026 2-14-51 PM_1 2,85
152.26795416649725,175.53287850033547,-1.7599446712127014,ScreenRecording_10-03-2026 2-14-51 PM_1 2,86
152.05650832692558,175.77839425217243,-1.755153374293396,ScreenRecording_10-03-2026 2-14-51 PM_1 2,87
150.74601537103206,176.5122648558294,-1.7520619340118373,ScreenRecording_10-03-2026 2-14-51 PM_1 2,88
150.9410902757395,176.31706198734986,-1.7663020908766425,ScreenRecording_10-03-2026 2-14-51 PM_1 2,89
151.71873616809236,176.11059359413187,-1.7802485436932858,ScreenRecording_10-03-2026 2-14-51 PM_1 2,90
152.7520924723292,175.15077765812447,-1.7977923189557634,ScreenRecording_10-03-2026 2-14-51 PM_1 2,91
154.89591709945088,175.95208393374205,-1.8143447098927594,ScreenRecording_10-03-2026 2-14-51 PM_1 2,92
158.75522913622686,175.90615484458073,-1.8400472615387933,ScreenRecording_10-03-2026 2-14-51 PM_1 2,93
160.95769393431624,176.15212793121682,-1.848730414534729,ScreenRecording_10-03-2026 2-14-51 PM_1 2,94
162.8879052578214,175.93840524580253,-1.8615334902751761,ScreenRecording_10-03-2026 2-14-51 PM_1 2,95
163.9759432026418,176.8176642804386,-1.8641207289605723,ScreenRecording_10-03-2026 2-14-51 PM_1 2,96
164.12392060423866,177.16895069559249,-1.8681979698343623,ScreenRecording_10-03-2026 2-14-51 PM_1 2,97
163.79135273998247,176.92655793532353,-1.8637832374138021,ScreenRecording_10-03-2026 2-14-51 PM_1 2,98
163.558139748057,176.93109910293438,-1.8641476100081367,ScreenRecording_10-03-2026 2-14-51 PM_1 2,99
27.525783463457426,157.3444011567973,-0.6496606560996261,ScreenRecording_10-03-2026 2-14-51 PM_1 3,0
27.460847073743683,131.21106984249553,-0.6952274195482526,ScreenRecording_10-03-2026 2-14-51 PM_1 3,1
27.609581319752404,133.09682388766063,-0.73557369191824,ScreenRecording_10-03-2026 2-14-51 PM_1 3,2
26.790070548854803,134.38380131402764,-0.7575875423871883,ScreenRecording_10-03-2026 2-14-51 PM_1 3,3
26.03849238370019,133.0011836461975,-0.7375069072023037,ScreenRecording_10-03-2026 2-14-51 PM_1 3,4
33.55466430519854,114.82783201599752,-0.7566289480240211,ScreenRecording_10-03-2026 2-14-51 PM_1 3,5
38.223546044035096,97.2079974459263,-0.7663977494276661,ScreenRecording_10-03-2026 2-14-51 PM_1 3,6
43.84181896014093,93.34878820653373,-0.8021802501266561,ScreenRecording_10-03-2026 2-14-51 PM_1 3,7
81.91602881885602,98.32707836132155,-0.9425659705766467,ScreenRecording_10-03-2026 2-14-51 PM_1 3,8
112.88359992864719,140.61971750121768,-1.0945355152529852,ScreenRecording_10-03-2026 2-14-51 PM_1 3,9
146.78395952670144,163.2154991003208,-1.302615771960157,ScreenRecording_10-03-2026 2-14-51 PM_1 3,10
177.82879453601012,170.3770113496919,-1.4833544830327183,ScreenRecording_10-03-2026 2-14-51 PM_1 3,11
176.91023379369764,172.84894925224864,-1.5533640546971177,ScreenRecording_10-03-2026 2-14-51 PM_1 3,12
169.10584673088164,173.98369288243455,-1.611569336112463,ScreenRecording_10-03-2026 2-14-51 PM_1 3,13
142.91604137969895,174.5438238020798,-1.7471647206600147,ScreenRecording_10-03-2026 2-14-51 PM_1 3,14
101.35502692310796,176.4255225969979,-1.9826098028155263,ScreenRecording_10-03-2026 2-14-51 PM_1 3,15
75.35812922110266,177.38252930272319,-2.01624643721016,ScreenRecording_10-03-2026 2-14-51 PM_1 3,16
73.57441176017912,173.89223641186183,-1.7835847776934628,ScreenRecording_10-03-2026 2-14-51 PM_1 3,17
95.55141194951285,170.04054899464376,-1.3857236323968816,ScreenRecording_10-03-2026 2-14-51 PM_1 3,18
130.073410220374,166.8653243632768,-0.965814760794688,ScreenRecording_10-03-2026 2-14-51 PM_1 3,19
149.75052258168202,165.67857792680212,-0.7815785427342797,ScreenRecording_10-03-2026 2-14-51 PM_1 3,20
154.58274903343673,166.48030968521974,-0.8330149782156585,ScreenRecording_10-03-2026 2-14-51 PM_1 3,21
156.25048591921794,167.3275186251359,-0.928713860840359,ScreenRecording_10-03-2026 2-14-51 PM_1 3,22
158.5650518140406,165.42203231532207,-0.9720404292284327,ScreenRecording_10-03-2026 2-14-51 PM_1 3,23
161.52644671790472,160.76385075577815,-0.9629946833798793,ScreenRecording_10-03-2026 2-14-51 PM_1 3,24
165.1638822634767,153.22865867716163,-0.8992114220065929,ScreenRecording_10-03-2026 2-14-51 PM_1 3,25
168.9480352299069,143.92513184566786,-0.7864680148013421,ScreenRecording_10-03-2026 2-14-51 PM_1 3,26
170.77613990942817,137.87983768605878,-0.6678867134078037,ScreenRecording_10-03-2026 2-14-51 PM_1 3,27
170.64819630204045,135.0927761983345,-0.5434675178259785,ScreenRecording_10-03-2026 2-14-51 PM_1 3,28
168.3118110804007,135.98436450144774,-0.4124571513864086,ScreenRecording_10-03-2026 2-14-51 PM_1 3,29
164.52416422653815,139.29335123853994,-0.277115444097464,ScreenRecording_10-03-2026 2-14-51 PM_1 3,30
160.73651737267562,142.60233797563217,-0.1417737368085195,ScreenRecording_10-03-2026 2-14-51 PM_1 3,31
156.9488705188131,145.9113247127244,-0.006432029519575002,ScreenRecording_10-03-2026 2-14-51 PM_1 3,32
153.16122366495057,149.22031144981662,0.12890967776936954,ScreenRecording_10-03-2026 2-14-51 PM_1 3,33
149.37357681108801,152.52929818690887,0.264251385058314,ScreenRecording_10-03-2026 2-14-51 PM_1 3,34
145.5859299572255,155.8382849240011,0.3995930923472586,ScreenRecording_10-03-2026 2-14-51 PM_1 3,35
141.79828310336293,159.1472716610933,0.5349347996362032,ScreenRecording_10-03-2026 2-14-51 PM_1 3,36
138.01063624950044,162.4562583981855,0.6702765069251468,ScreenRecording_10-03-2026 2-14-51 PM_1 3,37
134.22298939563788,165.76524513527772,0.8056182142140913,ScreenRecording_10-03-2026 2-14-51 PM_1 3,38
130.43534254177536,169.07423187236998,0.9409599215030359,ScreenRecording_10-03-2026 2-14-51 PM_1 3,39
126.64769568791282,172.3832186094622,1.0763016287919804,ScreenRecording_10-03-2026 2-14-51 PM_1 3,40
112.70907458515137,174.99507974553353,0.9571657735686538,ScreenRecording_10-03-2026 2-14-51 PM_1 3,41
85.55976743139503,175.97816457194423,0.6091245777772446,ScreenRecording_10-03-2026 2-14-51 PM_1 3,42
69.22582089480917,170.22261360984854,0.34861323211600326,ScreenRecording_10-03-2026 2-14-51 PM_1 3,43
67.56517246611598,156.36031773161287,0.16194504052452377,ScreenRecording_10-03-2026 2-14-51 PM_1 3,44
81.21004254718028,141.77256731042866,0.2572836168647058,ScreenRecording_10-03-2026 2-14-51 PM_1 3,45
105.18564799952696,137.66145900450667,0.41326566308124196,ScreenRecording_10-03-2026 2-14-51 PM_1 3,46
118.02313677297296,142.36344326945016,0.38951117660517615,ScreenRecording_10-03-2026 2-14-51 PM_1 3,47
118.56443144695648,153.74283538145713,0.2199869189084639,ScreenRecording_10-03-2026 2-14-51 PM_1 3,48
119.44270479111883,164.77764339831145,0.01930025654431297,ScreenRecording_10-03-2026 2-14-51 PM_1 3,49
121.31182647104642,165.66848454936294,-0.16203781151257945,ScreenRecording_10-03-2026 2-14-51 PM_1 3,50
122.94312738584688,165.5082553996773,-0.3431010858646314,ScreenRecording_10-03-2026 2-14-51 PM_1 3,51
124.57442830064738,165.34802624999162,-0.5241643602166853,ScreenRecording_10-03-2026 2-14-51 PM_1 3,52
126.20572921544787,165.18779710030594,-0.7052276345687374,ScreenRecording_10-03-2026 2-14-51 PM_1 3,53
127.8370301302484,165.02756795062027,-0.8862909089207914,ScreenRecording_10-03-2026 2-14-51 PM_1 3,54
129.46833104504887,164.8673388009346,-1.0673541832728433,ScreenRecording_10-03-2026 2-14-51 PM_1 3,55
131.09963195984932,164.70710965124889,-1.2484174576248952,ScreenRecording_10-03-2026 2-14-51 PM_1 3,56
131.49954042280854,162.1957180153791,-1.3053238332463983,ScreenRecording_10-03-2026 2-14-51 PM_1 3,57
130.18751303808585,156.41563706944845,-1.1896218374620149,ScreenRecording_10-03-2026 2-14-51 PM_1 3,58
127.32373093762814,147.6727090880824,-0.9174619611635213,ScreenRecording_10-03-2026 2-14-51 PM_1 3,59
122.90819412143546,135.9669340712812,-0.48884420435092324,ScreenRecording_10-03-2026 2-14-51 PM_1 3,60
120.26878637109857,125.83042714648033,-0.06726402861620673,ScreenRecording_10-03-2026 2-14-51 PM_1 3,61
128.12651970605668,127.57189959181217,0.16942449221643044,ScreenRecording_10-03-2026 2-14-51 PM_1 3,62
136.47307480139085,134.5161890438724,0.18318340259943947,ScreenRecording_10-03-2026 2-14-51 PM_1 3,63
140.25779625950324,143.4999597059537,-0.1468267239434596,ScreenRecording_10-03-2026 2-14-51 PM_1 3,64
137.33236356914594,153.32612259322943,-0.3561125457909799,ScreenRecording_10-03-2026 2-14-51 PM_1 3,65
121.47638667786651,155.56938257977728,-0.29028674150748235,ScreenRecording_10-03-2026 2-14-51 PM_1 3,66
102.95284780832424,157.13090460200206,0.12402484453476431,ScreenRecording_10-03-2026 2-14-51 PM_1 3,67
85.76389482701666,160.82682643350162,0.9919192849074742,ScreenRecording_10-03-2026 2-14-51 PM_1 3,68
68.61799300339425,164.59159987175198,1.8744454302585765,ScreenRecording_10-03-2026 2-14-51 PM_1 3,69
55.869849728078904,166.94181684909566,2.532464171794147,ScreenRecording_10-03-2026 2-14-51 PM_1 3,70
52.195562698005176,166.37339201469533,2.727258776343219,ScreenRecording_10-03-2026 2-14-51 PM_1 3,71
58.26314586987782,162.671456032717,2.424726853452804,ScreenRecording_10-03-2026 2-14-51 PM_1 3,72
72.95924264918855,156.19412446288396,1.6817057205445656,ScreenRecording_10-03-2026 2-14-51 PM_1 3,73
91.16241270119993,148.58872887992288,0.759647037758115,ScreenRecording_10-03-2026 2-14-51 PM_1 3,74
108.39860191399438,141.38480739194412,-0.12753792922540189,ScreenRecording_10-03-2026 2-14-51 PM_1 3,75
118.49755159923403,137.14414708121663,-0.7573216605205224,ScreenRecording_10-03-2026 2-14-51 PM_1 3,76
121.45926175691905,135.86674794774027,-1.1297041561272598,ScreenRecording_10-03-2026 2-14-51 PM_1 3,77
117.00745214727307,137.66731687579576,-1.2347214972447644,ScreenRecording_10-03-2026 2-14-51 PM_1 3,78
105.97096348962496,142.2017332125411,-1.1022654402755634,ScreenRecording_10-03-2026 2-14-51 PM_1 3,79
94.934474831977,146.73614954928635,-0.9698093833063638,ScreenRecording_10-03-2026 2-14-51 PM_1 3,80
83.89798617432903,151.27056588603165,-0.8373533263371642,ScreenRecording_10-03-2026 2-14-51 PM_1 3,81
72.86149751668096,155.80498222277697,-0.7048972693679632,ScreenRecording_10-03-2026 2-14-51 PM_1 3,82
61.82500885903296,160.33939855952224,-0.5724412123987634,ScreenRecording_10-03-2026 2-14-51 PM_1 3,83
50.78852020138487,164.87381489626756,-0.4399851554295625,ScreenRecording_10-03-2026 2-14-51 PM_1 3,84
40.67211464763608,169.2815903800819,-0.46155503785978774,ScreenRecording_10-03-2026 2-14-51 PM_1 3,85
54.041232680677865,172.90186699412104,-0.6816144932625892,ScreenRecording_10-03-2026 2-14-51 PM_1 3,86
73.14100321942406,173.7213260561555,-0.9316658342915137,ScreenRecording_10-03-2026 2-14-51 PM_1 3,87
97.97142626387478,171.73996756618533,-1.2117090609465637,ScreenRecording_10-03-2026 2-14-51 PM_1 3,88
98.06002665522776,168.6592977025457,-1.128463622001166,ScreenRecording_10-03-2026 2-14-51 PM_1 3,89
95.47226146514356,167.56512198433464,-1.0163606115691373,ScreenRecording_10-03-2026 2-14-51 PM_1 3,90
89.79639103013542,167.48982485699096,-0.926856065124562,ScreenRecording_10-03-2026 2-14-51 PM_1 3,91
93.41504197687227,170.29523675443824,-0.9505052129477961,ScreenRecording_10-03-2026 2-14-51 PM_1 3,92
116.1696508996002,166.19778131329366,-1.1199387178541624,ScreenRecording_10-03-2026 2-14-51 PM_1 3,93
116.30287927280574,165.39679602151335,-1.0556791918754138,ScreenRecording_10-03-2026 2-14-51 PM_1 3,94
126.77517308519653,157.49554387578834,-1.1960344055818732,ScreenRecording_10-03-2026 2-14-51 PM_1 3,95
120.2505453197609,152.943942165854,-1.2065722611735126,ScreenRecording_10-03-2026 2-14-51 PM_1 3,96
128.6476951167185,158.36900273718535,-1.3198000862913069,ScreenRecording_10-03-2026 2-14-51 PM_1 3,97
136.1417428899282,155.4900252481905,-1.4900041349876247,ScreenRecording_10-03-2026 2-14-51 PM_1 3,98
136.78915308954672,165.15460865663417,-1.4542988605184641,ScreenRecording_10-03-2026 2-14-51 PM_1 3,99
118.95129653798176,167.39729514774584,-0.8462866832282799,ScreenRecording_10-03-2026 2-14-51 PM_1,0
131.01683861919176,165.6404448919914,0.3727695159629541,ScreenRecording_10-03-2026 2-14-51 PM_1,1
149.23319380855017,165.6277809023255,0.5150614142974533,ScreenRecording_10-03-2026 2-14-51 PM_1,2
155.28445761180572,171.7477747719312,0.08051124213977978,ScreenRecording_10-03-2026 2-14-51 PM_1,3
154.35609241493697,172.7977850160061,1.7655597640540144,ScreenRecording_10-03-2026 2-14-51 PM_1,4
132.84615716920308,168.91475580640375,4.458800077121603,ScreenRecording_10-03-2026 2-14-51 PM_1,5
92.10143145246356,158.71071320973792,3.1301878580924987,ScreenRecording_10-03-2026 2-14-51 PM_1,6
94.35275786115972,153.4970088578003,-0.5043635951520267,ScreenRecording_10-03-2026 2-14-51 PM_1,7
80.69903742875096,101.0068392705562,-1.021481777040284,ScreenRecording_10-03-2026 2-14-51 PM_1,8
71.11580414082964,83.99006971979938,-0.9159304580478969,ScreenRecording_10-03-2026 2-14-51 PM_1,9
107.29708111296556,144.71582950666533,-1.2683802802327326,ScreenRecording_10-03-2026 2-14-51 PM_1,10
147.60207848915206,172.02574769274077,-1.7454864558165901,ScreenRecording_10-03-2026 2-14-51 PM_1,11
162.40903767605138,175.4832035956259,-1.9518298030629215,ScreenRecording_10-03-2026 2-14-51 PM_1,12
154.58257421260257,177.132485793288,-1.8929620832003438,ScreenRecording_10-03-2026 2-14-51 PM_1,13
138.9628903560319,175.85131039973078,-1.8127450200767363,ScreenRecording_10-03-2026 2-14-51 PM_1,14
128.76788563896613,175.04137051969693,-1.7934312884444306,ScreenRecording_10-03-2026 2-14-51 PM_1,15
126.19773704976181,171.16000905556749,-1.7858289415420605,ScreenRecording_10-03-2026 2-14-51 PM_1,16
125.63975287390738,169.06337131004682,-1.76030133769659,ScreenRecording_10-03-2026 2-14-51 PM_1,17
125.37263929703661,169.63792412348658,-1.7470031455135766,ScreenRecording_10-03-2026 2-14-51 PM_1,18
127.12581713934472,163.81158952783233,-1.7475010189372755,ScreenRecording_10-03-2026 2-14-51 PM_1,19
128.84750318894197,153.69689386080012,-1.7095373761930859,ScreenRecording_10-03-2026 2-14-51 PM_1,20
127.88389231073438,150.1969057357037,-1.6341205722245242,ScreenRecording_10-03-2026 2-14-51 PM_1,21
124.8398451316184,155.80411371980517,-1.5703277215584295,ScreenRecording_10-03-2026 2-14-51 PM_1,22
120.12555175991834,161.42360549946108,-1.4859652706813755,ScreenRecording_10-03-2026 2-14-51 PM_1,23
106.39813007216684,160.3874270229454,-1.3056637433456209,ScreenRecording_10-03-2026 2-14-51 PM_1,24
95.59046012838729,157.51414059793868,-1.1721326508061185,ScreenRecording_10-03-2026 2-14-51 PM_1,25
93.18880794561963,154.81621101852386,-1.1363473433662545,ScreenRecording_10-03-2026 2-14-51 PM_1,26
85.19517388757787,150.92551196329305,-1.046513813405421,ScreenRecording_10-03-2026 2-14-51 PM_1,27
79.96143125231076,152.22739631264827,-0.98648212046828,ScreenRecording_10-03-2026 2-14-51 PM_1,28
83.4206174237309,153.78035510672794,-1.0278214998708648,ScreenRecording_10-03-2026 2-14-51 PM_1,29
89.10385577178779,153.4308782507595,-1.0874723817786358,ScreenRecording_10-03-2026 2-14-51 PM_1,30
91.44368633511658,153.43069051495317,-1.1154158364784088,ScreenRecording_10-03-2026 2-14-51 PM_1,31
95.05050573056059,151.08857121754554,-1.1625734751913062,ScreenRecording_10-03-2026 2-14-51 PM_1,32
103.56529543510615,152.5399532443941,-1.2561804415690097,ScreenRecording_10-03-2026 2-14-51 PM_1,33
114.00276114832998,154.46825342880817,-1.407139022180517,ScreenRecording_10-03-2026 2-14-51 PM_1,34
120.56081000035735,151.51232012488978,-1.5124242485792054,ScreenRecording_10-03-2026 2-14-51 PM_1,35
120.34423984349992,152.2513773373996,-1.5072307407260648,ScreenRecording_10-03-2026 2-14-51 PM_1,36
116.80995062258715,137.82951076881676,-1.441201219159536,ScreenRecording_10-03-2026 2-14-51 PM_1,37
121.69682277967185,142.3685189975413,-1.483081846510147,ScreenRecording_10-03-2026 2-14-51 PM_1,38
137.8635555626726,167.91979073764657,-1.614056768160304,ScreenRecording_10-03-2026 2-14-51 PM_1,39
155.69882918187153,170.27901686718678,-1.7231774446887282,ScreenRecording_10-03-2026 2-14-51 PM_1,40
167.03384158109242,171.68140857692921,-1.9057540564922093,ScreenRecording_10-03-2026 2-14-51 PM_1,41
170.68452068617927,173.88325973047682,-1.9711190343362446,ScreenRecording_10-03-2026 2-14-51 PM_1,42
172.1991728721738,172.8835003245586,-1.9579087809936315,ScreenRecording_10-03-2026 2-14-51 PM_1,43
172.41234992251503,167.9771126712573,-1.9872889373394091,ScreenRecording_10-03-2026 2-14-51 PM_1,44
172.05807753052397,171.6189381921472,-1.9782911685155873,ScreenRecording_10-03-2026 2-14-51 PM_1,45
171.93594406021333,176.66546686963957,-1.955347086518571,ScreenRecording_10-03-2026 2-14-51 PM_1,46
168.57511725216844,177.26378095939626,-1.9452269823009136,ScreenRecording_10-03-2026 2-14-51 PM_1,47
163.75779085018007,176.2750947971877,-1.923440437955015,ScreenRecording_10-03-2026 2-14-51 PM_1,48
159.35000415660133,170.10205779840035,-1.8630539445025063,ScreenRecording_10-03-2026 2-14-51 PM_1,49
148.9031560506426,164.6261218655069,-1.7875920773754261,ScreenRecording_10-03-2026 2-14-51 PM_1,50
132.15203450021264,163.05708308029628,-1.672027842035348,ScreenRecording_10-03-2026 2-14-51 PM_1,51
117.36051103917625,159.8446115115255,-1.5481596550337808,ScreenRecording_10-03-2026 2-14-51 PM_1,52
107.67747489363994,159.52307303755828,-1.4686733914033843,ScreenRecording_10-03-2026 2-14-51 PM_1,53
103.15060922637758,162.57241662239036,-1.4376661190879259,ScreenRecording_10-03-2026 2-14-51 PM_1,54
98.23503004639593,160.3983446714995,-1.4032023283987405,ScreenRecording_10-03-2026 2-14-51 PM_1,55
92.42735428869304,153.39150204424232,-1.348346619899561,ScreenRecording_10-03-2026 2-14-51 PM_1,56
90.27271762809181,147.57495474192245,-1.3026071210174752,ScreenRecording_10-03-2026 2-14-51 PM_1,57
96.3126951825612,148.08655897447957,-1.3294339084074833,ScreenRecording_10-03-2026 2-14-51 PM_1,58
117.24335498647802,156.6179255837809,-1.5413156528927308,ScreenRecording_10-03-2026 2-14-51 PM_1,59
148.28063176347572,164.80894721467334,-1.7250902717858463,ScreenRecording_10-03-2026 2-14-51 PM_1,60
166.6211545718445,161.6946915233528,-1.754694744677686,ScreenRecording_10-03-2026 2-14-51 PM_1,61
165.0411826053357,163.18849867902924,-1.8504847077689583,ScreenRecording_10-03-2026 2-14-51 PM_1,62
155.26254455115816,170.57707689248542,-1.8851831386052167,ScreenRecording_10-03-2026 2-14-51 PM_1,63
139.41308837077509,164.57758642302684,-1.7209039957007253,ScreenRecording_10-03-2026 2-14-51 PM_1,64
123.6253661825395,158.90583976867055,-1.5425359688979037,ScreenRecording_10-03-2026 2-14-51 PM_1,65
113.26234674521314,160.3238245610999,-1.4779312168730248,ScreenRecording_10-03-2026 2-14-51 PM_1,66
106.98216897743067,161.1008150037033,-1.4590926635133858,ScreenRecording_10-03-2026 2-14-51 PM_1,67
103.7341452094483,160.92926895560709,-1.4457888379540254,ScreenRecording_10-03-2026 2-14-51 PM_1,68
101.13450549536985,160.26242238932974,-1.4213715236740114,ScreenRecording_10-03-2026 2-14-51 PM_1,69
95.84410228139618,159.31672017472872,-1.327286653510106,ScreenRecording_10-03-2026 2-14-51 PM_1,70
89.8196502614901,158.36159548760875,-1.2054090748426085,ScreenRecording_10-03-2026 2-14-51 PM_1,71
78.1156679170398,160.4671039947155,-0.9988752645073293,ScreenRecording_10-03-2026 2-14-51 PM_1,72
70.17080115781596,151.35955415944036,-0.8248168417080886,ScreenRecording_10-03-2026 2-14-51 PM_1,73
51.711251291473424,154.18282470157004,0.3912097709746583,ScreenRecording_10-03-2026 2-14-51 PM_1,74
43.908889144762256,151.4606796552598,3.3662498138071655,ScreenRecording_10-03-2026 2-14-51 PM_1,75
60.80355760292032,149.15507576438313,5.30451020119951,ScreenRecording_10-03-2026 2-14-51 PM_1,76
78.89297392295931,162.02355820439337,5.574636359617499,ScreenRecording_10-03-2026 2-14-51 PM_1,77
131.25800351510097,164.36655121619654,5.198436792490639,ScreenRecording_10-03-2026 2-14-51 PM_1,78
158.24893778990725,164.69538156644776,3.4472076731152503,ScreenRecording_10-03-2026 2-14-51 PM_1,79
147.48335788511545,169.31304850898627,2.1989082318719375,ScreenRecording_10-03-2026 2-14-51 PM_1,80
158.97826704762792,167.1828746313845,2.237351297952368,ScreenRecording_10-03-2026 2-14-51 PM_1,81
157.16219056854638,165.25687868830076,1.803643504377974,ScreenRecording_10-03-2026 2-14-51 PM_1,82
147.67515138051152,174.199140152836,1.5963039532826546,ScreenRecording_10-03-2026 2-14-51 PM_1,83
131.52941162652573,176.83238765077127,1.4181306864224346,ScreenRecording_10-03-2026 2-14-51 PM_1,84
114.15167923500144,177.49267438092227,1.2053136128486646,ScreenRecording_10-03-2026 2-14-51 PM_1,85
96.77394684347735,178.15296111107324,0.9924965392748967,ScreenRecording_10-03-2026 2-14-51 PM_1,86
75.79129568856294,177.3533415719916,0.7879868960589377,ScreenRecording_10-03-2026 2-14-51 PM_1,87
73.14157090968475,160.15763771206767,0.8094406248658668,ScreenRecording_10-03-2026 2-14-51 PM_1,88
119.4886598960887,146.3920742978177,0.7289255847656759,ScreenRecording_10-03-2026 2-14-51 PM_1,89
143.88149970700832,146.89040331318577,-0.1716903652906553,ScreenRecording_10-03-2026 2-14-51 PM_1,90
147.57001439252875,155.70158342610512,-1.4201698747663032,ScreenRecording_10-03-2026 2-14-51 PM_1,91
134.32124099887997,148.56412503530962,-1.568895792520485,ScreenRecording_10-03-2026 2-14-51 PM_1,92
123.889303096856,143.3366493600612,-1.6453192694917287,ScreenRecording_10-03-2026 2-14-51 PM_1,93
135.98590326317137,163.98359038600992,-1.9667874500283173,ScreenRecording_10-03-2026 2-14-51 PM_1,94
139.59349066068603,170.68722523407004,-1.5271350552056773,ScreenRecording_10-03-2026 2-14-51 PM_1,95
138.52470622873395,160.85748372876225,-1.0574975246103884,ScreenRecording_10-03-2026 2-14-51 PM_1,96
108.71103296930632,161.25171626387908,-1.203123574057201,ScreenRecording_10-03-2026 2-14-51 PM_1,97
117.24538365338877,161.19648288397104,-1.0568276304379463,ScreenRecording_10-03-2026 2-14-51 PM_1,98
141.40451839652488,142.17079600369334,-0.7017919990656981,ScreenRecording_10-03-2026 2-14-51 PM_1,99
58.92487300460331,152.87411132042828,-0.79132441033081,ScreenRecording_10-03-2026 2-17-40 PM_1 2,0
61.88534040335098,146.53523584430556,-0.8414835175716225,ScreenRecording_10-03-2026 2-17-40 PM_1 2,1
67.9698692331327,142.38067529519242,-0.9060642914013025,ScreenRecording_10-03-2026 2-17-40 PM_1 2,2
70.38275500458039,138.78235492878594,-0.9291466063292417,ScreenRecording_10-03-2026 2-17-40 PM_1 2,3
77.63311460809012,133.8809499940282,-0.9784387329831613,ScreenRecording_10-03-2026 2-17-40 PM_1 2,4
79.91571847523208,139.5356847288903,-1.01224210179042,ScreenRecording_10-03-2026 2-17-40 PM_1 2,5
101.97636561981997,150.64914598728097,-1.1031766688878792,ScreenRecording_10-03-2026 2-17-40 PM_1 2,6
134.90943296930993,136.01094379887525,-1.1620254549019908,ScreenRecording_10-03-2026 2-17-40 PM_1 2,7
99.1867598597019,137.60950513245172,-1.014667109550638,ScreenRecording_10-03-2026 2-17-40 PM_1 2,8
43.02685891608262,156.42939421868928,-0.7783268533344225,ScreenRecording_10-03-2026 2-17-40 PM_1 2,9
18.260030269483707,173.09796990074372,-0.6825036928925391,ScreenRecording_10-03-2026 2-17-40 PM_1 2,10
15.6275543372069,172.2081199971198,-0.6443865969028855,ScreenRecording_10-03-2026 2-17-40 PM_1 2,11
37.72769941336067,158.26418101476844,-0.7695735564046409,ScreenRecording_10-03-2026 2-17-40 PM_1 2,12
33.729008700216895,155.2714467359635,-0.679175656576234,ScreenRecording_10-03-2026 2-17-40 PM_1 2,13
17.811093784780898,167.0048220950627,-0.5313038767926987,ScreenRecording_10-03-2026 2-17-40 PM_1 2,14
7.1815975248430055,172.29502692686773,-0.14586072343535705,ScreenRecording_10-03-2026 2-17-40 PM_1 2,15
10.090083738576082,170.10456134096654,0.46384354757914503,ScreenRecording_10-03-2026 2-17-40 PM_1 2,16
31.17637832100163,171.0795185325705,1.176066836658493,ScreenRecording_10-03-2026 2-17-40 PM_1 2,17
65.82140683001495,164.95563832170254,1.6893658584610558,ScreenRecording_10-03-2026 2-17-40 PM_1 2,18
93.89631208324776,155.48815882524488,1.6316242856785732,ScreenRecording_10-03-2026 2-17-40 PM_1 2,19
88.70362826438172,157.7507454265762,1.7376299614366246,ScreenRecording_10-03-2026 2-17-40 PM_1 2,20
87.83142141499495,167.22900005660148,1.3008382459475814,ScreenRecording_10-03-2026 2-17-40 PM_1 2,21
125.35069803258325,159.44394767939858,0.9953263924274464,ScreenRecording_10-03-2026 2-17-40 PM_1 2,22
145.59115594879577,153.86985639597995,0.5508119986645672,ScreenRecording_10-03-2026 2-17-40 PM_1 2,23
133.07255054954985,156.043221710312,0.6491449519944039,ScreenRecording_10-03-2026 2-17-40 PM_1 2,24
104.4147220458525,164.85824029476885,0.8605821173362147,ScreenRecording_10-03-2026 2-17-40 PM_1 2,25
94.51637513739743,159.01053299243932,0.8780415414225917,ScreenRecording_10-03-2026 2-17-40 PM_1 2,26
112.0156020020444,145.59854515859575,0.1250815056248783,ScreenRecording_10-03-2026 2-17-40 PM_1 2,27
130.2197752017219,148.91245285489464,-0.6388431058532801,ScreenRecording_10-03-2026 2-17-40 PM_1 2,28
134.89994858704762,162.6217433857339,-1.7880111597337969,ScreenRecording_10-03-2026 2-17-40 PM_1 2,29
129.82204345649546,168.97778893828254,-1.856328623394039,ScreenRecording_10-03-2026 2-17-40 PM_1 2,30
122.48572886473069,167.88111719453912,-1.7655483940207983,ScreenRecording_10-03-2026 2-17-40 PM_1 2,31
135.21494289276865,167.33707445669395,-1.2939670224991702,ScreenRecording_10-03-2026 2-17-40 PM_1 2,32
157.17968473422644,169.02883320926102,-0.5079596738315395,ScreenRecording_10-03-2026 2-17-40 PM_1 2,33
163.09487953669867,134.29751674508876,-0.12454673437108395,ScreenRecording_10-03-2026 2-17-40 PM_1 2,34
148.86070160186605,127.00415295407494,-0.35151941557098326,ScreenRecording_10-03-2026 2-17-40 PM_1 2,35
124.00816435298455,141.54247267833964,-0.49375831654794317,ScreenRecording_10-03-2026 2-17-40 PM_1 2,36
107.73267415478715,158.75527763890017,-1.1575007418261845,ScreenRecording_10-03-2026 2-17-40 PM_1 2,37
121.01632655097332,154.65412696197478,-1.6570302753013497,ScreenRecording_10-03-2026 2-17-40 PM_1 2,38
131.62665527543646,150.2863634966666,-1.698788192193465,ScreenRecording_10-03-2026 2-17-40 PM_1 2,39
93.58588155956069,153.02019003085627,-1.3122912657020684,ScreenRecording_10-03-2026 2-17-40 PM_1 2,40
49.63072249388869,165.70147446046866,-0.3418826850572833,ScreenRecording_10-03-2026 2-17-40 PM_1 2,41
40.01420921723247,164.60643371028516,0.4199625381464109,ScreenRecording_10-03-2026 2-17-40 PM_1 2,42
54.04181740475783,162.9119828700004,0.4798600278698394,ScreenRecording_10-03-2026 2-17-40 PM_1 2,43
84.50194803203983,163.20481185870082,-0.022560054245819028,ScreenRecording_10-03-2026 2-17-40 PM_1 2,44
122.76043256995622,164.88940413199296,-0.474268183706264,ScreenRecording_10-03-2026 2-17-40 PM_1 2,45
119.802407221894,161.88953374160658,-0.6243017826472163,ScreenRecording_10-03-2026 2-17-40 PM_1 2,46
90.1727580866154,162.08229898556857,-0.1206502920671097,ScreenRecording_10-03-2026 2-17-40 PM_1 2,47
54.30393452841473,164.9248319588028,0.5872933596906695,ScreenRecording_10-03-2026 2-17-40 PM_1 2,48
46.78298652598417,170.23661568352617,0.7941400885190916,ScreenRecording_10-03-2026 2-17-40 PM_1 2,49
50.56713600430354,175.5392296166104,0.990349741644192,ScreenRecording_10-03-2026 2-17-40 PM_1 2,50
55.1202726826101,173.4811090881024,1.3010687824800793,ScreenRecording_10-03-2026 2-17-40 PM_1 2,51
50.709771764038614,171.3546748037596,1.3385411540097305,ScreenRecording_10-03-2026 2-17-40 PM_1 2,52
41.48659835203642,174.4864296926292,1.4006933182163488,ScreenRecording_10-03-2026 2-17-40 PM_1 2,53
39.69551218393702,173.32896228099662,1.6150973699197353,ScreenRecording_10-03-2026 2-17-40 PM_1 2,54
45.28188865638468,170.55881820210715,1.6068442440139254,ScreenRecording_10-03-2026 2-17-40 PM_1 2,55
50.78848699917903,170.44639479383312,1.2862195830059895,ScreenRecording_10-03-2026 2-17-40 PM_1 2,56
52.439956415081774,173.99343406828734,0.977888316380906,ScreenRecording_10-03-2026 2-17-40 PM_1 2,57
49.021600523003414,175.8004308064977,0.7333465631858362,ScreenRecording_10-03-2026 2-17-40 PM_1 2,58
53.289555300356454,175.52897127576455,0.7042633943847219,ScreenRecording_10-03-2026 2-17-40 PM_1 2,59
78.6545311266534,174.00999285683605,0.6855905839326546,ScreenRecording_10-03-2026 2-17-40 PM_1 2,60
118.25984006353434,174.82921362843786,0.6142015915362424,ScreenRecording_10-03-2026 2-17-40 PM_1 2,61
133.81010106520506,171.5099477621231,0.9991501712960916,ScreenRecording_10-03-2026 2-17-40 PM_1 2,62
122.53579811990679,162.8181603618896,2.707384630240827,ScreenRecording_10-03-2026 2-17-40 PM_1 2,63
103.46892061598206,150.98024270545991,2.3699132235885747,ScreenRecording_10-03-2026 2-17-40 PM_1 2,64
82.90710028612743,144.13668740066333,-0.4203752840402013,ScreenRecording_10-03-2026 2-17-40 PM_1 2,65
72.23540093943016,123.66786076437359,-0.42097102686825116,ScreenRecording_10-03-2026 2-17-40 PM_1 2,66
118.11154646903243,125.32649884065113,-0.7810603193760933,ScreenRecording_10-03-2026 2-17-40 PM_1 2,67
154.91073648229312,135.214457432004,-1.3942892602893033,ScreenRecording_10-03-2026 2-17-40 PM_1 2,68
157.86891374386485,147.6142241626193,-1.6602550491958126,ScreenRecording_10-03-2026 2-17-40 PM_1 2,69
135.7355706678239,150.3144999067552,-1.5770850170222908,ScreenRecording_10-03-2026 2-17-40 PM_1 2,70
115.83861135542978,155.5999758771359,-1.4507922361046572,ScreenRecording_10-03-2026 2-17-40 PM_1 2,71
132.72682363768826,160.55037956885883,-1.7336238424357833,ScreenRecording_10-03-2026 2-17-40 PM_1 2,72
143.7442666607165,164.10244745384705,-1.8125045518910472,ScreenRecording_10-03-2026 2-17-40 PM_1 2,73
160.4634395018344,168.53345274747466,-1.7555024763871776,ScreenRecording_10-03-2026 2-17-40 PM_1 2,74
160.0256961346713,166.4255324479712,-1.845764320476645,ScreenRecording_10-03-2026 2-17-40 PM_1 2,75
134.37346845910014,166.12316917941627,-1.866566721425749,ScreenRecording_10-03-2026 2-17-40 PM_1 2,76
87.52151077401358,168.95497514157674,-1.1445621126373855,ScreenRecording_10-03-2026 2-17-40 PM_1 2,77
45.77905262698988,174.2588820394718,0.5463946118551384,ScreenRecording_10-03-2026 2-17-40 PM_1 2,78
37.330212948359666,173.96200750861527,2.79139819106752,ScreenRecording_10-03-2026 2-17-40 PM_1 2,79
31.421331559239206,173.4631582308913,4.928359622631664,ScreenRecording_10-03-2026 2-17-40 PM_1 2,80
55.65644329519374,168.44505392864545,3.3015943628271636,ScreenRecording_10-03-2026 2-17-40 PM_1 2,81
102.96452213556613,147.47165766111402,0.5995571482816398,ScreenRecording_10-03-2026 2-17-40 PM_1 2,82
93.90356132724058,148.18481372303825,-0.49271799424936563,ScreenRecording_10-03-2026 2-17-40 PM_1 2,83
86.22198318685176,163.88227229543656,-0.5192213567038042,ScreenRecording_10-03-2026 2-17-40 PM_1 2,84
73.140522831816,164.98702718763215,-0.8130785602325693,ScreenRecording_10-03-2026 2-17-40 PM_1 2,85
55.56518461343882,160.1569743623255,0.4076710420740531,ScreenRecording_10-03-2026 2-17-40 PM_1 2,86
38.566671742547456,152.74390521300887,0.6701252570122163,ScreenRecording_10-03-2026 2-17-40 PM_1 2,87
33.746981148587324,148.52417554815102,1.2002076015729788,ScreenRecording_10-03-2026 2-17-40 PM_1 2,88
39.76015446537932,162.61987469192528,2.427111100439024,ScreenRecording_10-03-2026 2-17-40 PM_1 2,89
64.33482308474596,168.80210790504617,2.7482527407558788,ScreenRecording_10-03-2026 2-17-40 PM_1 2,90
88.3402904534236,166.38201640629578,1.4605279489284089,ScreenRecording_10-03-2026 2-17-40 PM_1 2,91
120.5742221358123,158.68431933213083,0.6836088504403877,ScreenRecording_10-03-2026 2-17-40 PM_1 2,92
128.12507524109628,161.73378009067864,-1.2758342859105323,ScreenRecording_10-03-2026 2-17-40 PM_1 2,93
163.61545045488634,168.53677789261178,-1.665140379449104,ScreenRecording_10-03-2026 2-17-40 PM_1 2,94
164.95551838002635,166.0626883356912,-1.7118945599618611,ScreenRecording_10-03-2026 2-17-40 PM_1 2,95
165.6697621470704,160.09949746372487,-1.7447690951988106,ScreenRecording_10-03-2026 2-17-40 PM_1 2,96
170.43833155612458,151.15190750918077,-1.9202824029885803,ScreenRecording_10-03-2026 2-17-40 PM_1 2,97
174.79155760365902,142.99399324964648,-2.0924159291848174,ScreenRecording_10-03-2026 2-17-40 PM_1 2,98
174.87802877999704,142.49954127349326,-2.0983701137812583,ScreenRecording_10-03-2026 2-17-40 PM_1 2,99
137.0353102002925,136.93935522906028,-1.2321406408751534,ScreenRecording_10-03-2026 2-17-40 PM_1,0
154.08675923516245,133.06010376155,-1.2641617015990212,ScreenRecording_10-03-2026 2-17-40 PM_1,1
160.87189079652447,138.5681052380195,-1.2896681948455968,ScreenRecording_10-03-2026 2-17-40 PM_1,2
148.79582582611178,141.58687148614052,-1.2739564928430496,ScreenRecording_10-03-2026 2-17-40 PM_1,3
146.81976048818612,151.27319078806417,-1.2504313686011483,ScreenRecording_10-03-2026 2-17-40 PM_1,4
151.0260047942583,151.09459492076653,-0.9161891118282077,ScreenRecording_10-03-2026 2-17-40 PM_1,5
158.80445689259577,156.52323268372717,-0.8791341346449215,ScreenRecording_10-03-2026 2-17-40 PM_1,6
145.43636269033072,160.6288498498222,-1.1914908194636595,ScreenRecording_10-03-2026 2-17-40 PM_1,7
128.65746665024233,105.87209792045877,-1.1280844780284498,ScreenRecording_10-03-2026 2-17-40 PM_1,8
124.82147195398298,45.79326543319439,-1.1067783276785448,ScreenRecording_10-03-2026 2-17-40 PM_1,9
123.66143072111127,54.066787154172204,-1.1636873633740217,ScreenRecording_10-03-2026 2-17-40 PM_1,10
122.21385488741498,64.77153936489387,-1.2210897872834316,ScreenRecording_10-03-2026 2-17-40 PM_1,11
120.7662790537187,75.47629157561553,-1.2784922111928416,ScreenRecording_10-03-2026 2-17-40 PM_1,12
119.3187032200224,86.18104378633721,-1.3358946351022518,ScreenRecording_10-03-2026 2-17-40 PM_1,13
117.87112738632612,96.88579599705888,-1.3932970590116618,ScreenRecording_10-03-2026 2-17-40 PM_1,14
116.42355155262985,107.59054820778059,-1.4506994829210718,ScreenRecording_10-03-2026 2-17-40 PM_1,15
114.97597571893354,118.29530041850224,-1.5081019068304817,ScreenRecording_10-03-2026 2-17-40 PM_1,16
113.52839988523726,129.0000526292239,-1.565504330739892,ScreenRecording_10-03-2026 2-17-40 PM_1,17
112.08082405154097,139.7048048399456,-1.622906754649302,ScreenRecording_10-03-2026 2-17-40 PM_1,18
112.5049840518593,150.61847949861152,-1.670887719775187,ScreenRecording_10-03-2026 2-17-40 PM_1,19
133.9808348572652,163.16315660197588,-1.6079808595476985,ScreenRecording_10-03-2026 2-17-40 PM_1,20
150.92179799523083,155.3122767072195,-1.311618894579315,ScreenRecording_10-03-2026 2-17-40 PM_1,21
145.69416930902483,144.6708808843447,-0.874671172085492,ScreenRecording_10-03-2026 2-17-40 PM_1,22
134.93114551651894,99.39036561320252,-0.8238028316682089,ScreenRecording_10-03-2026 2-17-40 PM_1,23
101.33178841781425,81.49923553505654,-0.6452579886407975,ScreenRecording_10-03-2026 2-17-40 PM_1,24
111.56554291267413,147.91200215679783,-0.3931097151056257,ScreenRecording_10-03-2026 2-17-40 PM_1,25
122.92963212146029,173.78834880155404,-0.7285600798351151,ScreenRecording_10-03-2026 2-17-40 PM_1,26
120.94171427572152,172.86874221343479,-0.6733290352607356,ScreenRecording_10-03-2026 2-17-40 PM_1,27
105.7116333979379,162.4590576545224,-0.09869579238745721,ScreenRecording_10-03-2026 2-17-40 PM_1,28
95.7637759589122,155.48869944528568,-0.6539752666458498,ScreenRecording_10-03-2026 2-17-40 PM_1,29
109.53277758775843,153.58560176471408,-1.3769912888441296,ScreenRecording_10-03-2026 2-17-40 PM_1,30
115.10662401035667,155.08594090807634,-1.4603199518092138,ScreenRecording_10-03-2026 2-17-40 PM_1,31
114.81973717872249,159.38168668107753,-1.4715605581254296,ScreenRecording_10-03-2026 2-17-40 PM_1,32
114.54294887549467,163.1793340928764,-1.4720993636672954,ScreenRecording_10-03-2026 2-17-40 PM_1,33
116.68427503844352,163.8673811823877,-1.4850764920379989,ScreenRecording_10-03-2026 2-17-40 PM_1,34
125.04979085259035,161.80218810126308,-1.5227881902476457,ScreenRecording_10-03-2026 2-17-40 PM_1,35
137.79341034723495,163.3055144194269,-1.6184399723386433,ScreenRecording_10-03-2026 2-17-40 PM_1,36
149.99524138598503,170.7519069395708,-1.7139332006732655,ScreenRecording_10-03-2026 2-17-40 PM_1,37
165.21879541939086,174.83127489353996,-1.8167699428589985,ScreenRecording_10-03-2026 2-17-40 PM_1,38
176.38857416553722,173.07804499525247,-1.8831639424027298,ScreenRecording_10-03-2026 2-17-40 PM_1,39
175.4722406707606,171.95477098080374,-1.896980446406133,ScreenRecording_10-03-2026 2-17-40 PM_1,40
171.04094280608135,174.12682994254178,-1.9208102941257164,ScreenRecording_10-03-2026 2-17-40 PM_1,41
169.8012337252011,174.09974969169468,-1.93115628321583,ScreenRecording_10-03-2026 2-17-40 PM_1,42
170.4149687032761,171.89266396746186,-1.9329657472837423,ScreenRecording_10-03-2026 2-17-40 PM_1,43
170.41470640472434,169.88010135543718,-1.9287519544189808,ScreenRecording_10-03-2026 2-17-40 PM_1,44
168.15496443637375,168.71316540233093,-1.9175670566964176,ScreenRecording_10-03-2026 2-17-40 PM_1,45
161.72891272401574,169.88820908257554,-1.849941827936007,ScreenRecording_10-03-2026 2-17-40 PM_1,46
151.6048748576227,170.55468043835717,-1.7685491745236128,ScreenRecording_10-03-2026 2-17-40 PM_1,47
139.74750155247096,166.41189854753839,-1.6971585996282672,ScreenRecording_10-03-2026 2-17-40 PM_1,48
123.45555411024755,160.76257518341927,-1.577385215783483,ScreenRecording_10-03-2026 2-17-40 PM_1,49
109.10756458956756,156.55841333106912,-1.462903842300524,ScreenRecording_10-03-2026 2-17-40 PM_1,50
99.54124773183068,158.00835454063017,-1.387425014362344,ScreenRecording_10-03-2026 2-17-40 PM_1,51
94.95928225304985,159.3304675334369,-1.3341262207147655,ScreenRecording_10-03-2026 2-17-40 PM_1,52
92.83839234368263,152.79348961644376,-1.27579763161084,ScreenRecording_10-03-2026 2-17-40 PM_1,53
90.98891952025525,148.63996550668642,-1.244517902159342,ScreenRecording_10-03-2026 2-17-40 PM_1,54
99.16753118521865,155.08057402559243,-1.3424166503322472,ScreenRecording_10-03-2026 2-17-40 PM_1,55
127.35688133777501,165.83679852129933,-1.6136864286216066,ScreenRecording_10-03-2026 2-17-40 PM_1,56
143.30228139749448,170.09370099232677,-1.6490892472915732,ScreenRecording_10-03-2026 2-17-40 PM_1,57
148.88955160519643,173.25608275249866,-1.698176373233653,ScreenRecording_10-03-2026 2-17-40 PM_1,58
159.54649194567978,173.94561376216635,-1.903569162793067,ScreenRecording_10-03-2026 2-17-40 PM_1,59
145.33729501863158,170.7476731232157,-1.746742459959231,ScreenRecording_10-03-2026 2-17-40 PM_1,60
125.60660167358071,164.43675469096192,-1.5652456794144705,ScreenRecording_10-03-2026 2-17-40 PM_1,61
113.34126925756816,157.787553419973,-1.448791793173155,ScreenRecording_10-03-2026 2-17-40 PM_1,62
105.26352460740544,157.89110303147464,-1.4171659540844617,ScreenRecording_10-03-2026 2-17-40 PM_1,63
101.48741657756437,160.3196185881528,-1.4185915330732763,ScreenRecording_10-03-2026 2-17-40 PM_1,64
99.98973101364993,160.95264537016587,-1.3859973330005684,ScreenRecording_10-03-2026 2-17-40 PM_1,65
97.03445238061936,160.93009244487976,-1.2451078627930898,ScreenRecording_10-03-2026 2-17-40 PM_1,66
76.96124648259021,153.68866170885963,-0.9217878760976035,ScreenRecording_10-03-2026 2-17-40 PM_1,67
55.74827895599667,143.7814441693633,-0.4644794393751477,ScreenRecording_10-03-2026 2-17-40 PM_1,68
47.19494566710263,151.75502032206654,0.7514729798299051,ScreenRecording_10-03-2026 2-17-40 PM_1,69
67.73220898449172,160.63294755209938,3.177987028976883,ScreenRecording_10-03-2026 2-17-40 PM_1,70
130.5265761564568,159.34308120559155,3.4939478769017334,ScreenRecording_10-03-2026 2-17-40 PM_1,71
167.66153745577722,162.7993197622358,2.8422193343619138,ScreenRecording_10-03-2026 2-17-40 PM_1,72
167.11295660751395,165.6710308781517,2.737402544145702,ScreenRecording_10-03-2026 2-17-40 PM_1,73
170.45101757610672,164.81265066621205,2.235523847019156,ScreenRecording_10-03-2026 2-17-40 PM_1,74
172.7505152563719,160.63534940033372,1.9531582754959402,ScreenRecording_10-03-2026 2-17-40 PM_1,75
134.22323076141322,161.984602871049,0.7711206914231171,ScreenRecording_10-03-2026 2-17-40 PM_1,76
90.35273062424235,162.42031546098937,0.018474092062718772,ScreenRecording_10-03-2026 2-17-40 PM_1,77
102.58412544581107,163.66283868221268,-0.8682007077822304,ScreenRecording_10-03-2026 2-17-40 PM_1,78
131.11272567639395,175.46946089555155,-1.7792089464080476,ScreenRecording_10-03-2026 2-17-40 PM_1,79
135.551618362885,178.55343775484818,-1.8411301981594104,ScreenRecording_10-03-2026 2-17-40 PM_1,80
123.19556483117836,177.68231501309393,-2.445298206143585,ScreenRecording_10-03-2026 2-17-40 PM_1,81
126.949832988264,164.97633026709164,-2.606824476840014,ScreenRecording_10-03-2026 2-17-40 PM_1,82
152.6362256191349,147.82862522675268,-1.9448024401103448,ScreenRecording_10-03-2026 2-17-40 PM_1,83
158.55381742377847,160.82999929032505,-2.714142910993265,ScreenRecording_10-03-2026 2-17-40 PM_1,84
127.00873010683941,171.89973106497564,-1.962688092803949,ScreenRecording_10-03-2026 2-17-40 PM_1,85
134.61395513544275,159.86380869573543,-1.2071174257120179,ScreenRecording_10-03-2026 2-17-40 PM_1,86
167.26659114497156,150.16467540917,-1.8785111101615417,ScreenRecording_10-03-2026 2-17-40 PM_1,87
163.02808187348188,150.82689812896436,-1.771698031789633,ScreenRecording_10-03-2026 2-17-40 PM_1,88
160.918345026598,149.1057319381917,-1.9210832321387399,ScreenRecording_10-03-2026 2-17-40 PM_1,89
168.43755015297435,150.6793889591997,-1.727938281627063,ScreenRecording_10-03-2026 2-17-40 PM_1,90
165.64536795204737,160.74546988995255,-1.407777910649915,ScreenRecording_10-03-2026 2-17-40 PM_1,91
119.99552611571931,156.53117248941638,-1.2556270998618653,ScreenRecording_10-03-2026 2-17-40 PM_1,92
98.0887617471899,150.64085931394902,-0.07965366346917158,ScreenRecording_10-03-2026 2-17-40 PM_1,93
150.0529087083479,167.81331575244963,1.328941595036372,ScreenRecording_10-03-2026 2-17-40 PM_1,94
163.3695269272548,172.35053908765616,1.986145159705252,ScreenRecording_10-03-2026 2-17-40 PM_1,95
164.74437685545533,168.0724783227615,1.7832995214855845,ScreenRecording_10-03-2026 2-17-40 PM_1,96
159.06063623920002,169.97028929316818,1.5675047944818814,ScreenRecording_10-03-2026 2-17-40 PM_1,97
138.39804043778082,141.02602306900377,1.9944945108201981,ScreenRecording_10-03-2026 2-17-40 PM_1,98
125.70305939949829,112.02990448991544,2.1763886232066074,ScreenRecording_10-03-2026 2-17-40 PM_1,99
119.68380837458429,152.26308943883896,0.8311423999404682,ScreenRecording_10-03-2026 2-20-42 PM_1,0
119.68380837458429,152.26308943883896,0.8311423999404682,ScreenRecording_10-03-2026 2-20-42 PM_1,1
119.68380837458429,152.26308943883896,0.8311423999404682,ScreenRecording_10-03-2026 2-20-42 PM_1,2
119.68380837458429,152.26308943883896,0.8311423999404682,ScreenRecording_10-03-2026 2-20-42 PM_1,3
119.68380837458429,152.26308943883896,0.8311423999404682,ScreenRecording_10-03-2026 2-20-42 PM_1,4
119.68380837458429,152.26308943883896,0.8311423999404682,ScreenRecording_10-03-2026 2-20-42 PM_1,5
119.68380837458429,152.26308943883896,0.8311423999404682,ScreenRecording_10-03-2026 2-20-42 PM_1,6
119.68380837458429,152.26308943883896,0.8311423999404682,ScreenRecording_10-03-2026 2-20-42 PM_1,7
119.68380837458429,152.26308943883896,0.8311423999404682,ScreenRecording_10-03-2026 2-20-42 PM_1,8
127.83544518423335,146.35144973883644,0.09421480952227343,ScreenRecording_10-03-2026 2-20-42 PM_1,9
139.32475659577884,142.62142281134726,-0.8474804650689444,ScreenRecording_10-03-2026 2-20-42 PM_1,10
148.08650530505858,130.57008707449515,-1.4282307793848399,ScreenRecording_10-03-2026 2-20-42 PM_1,11
155.70469384984452,140.57944160845392,-1.7685490284378924,ScreenRecording_10-03-2026 2-20-42 PM_1,12
153.5740523679312,158.23469641725495,-1.6715819180634974,ScreenRecording_10-03-2026 2-20-42 PM_1,13
157.6693494773008,168.9922522589737,-1.6263988936526623,ScreenRecording_10-03-2026 2-20-42 PM_1,14
168.05990902417858,171.13204272865343,-1.733418190340778,ScreenRecording_10-03-2026 2-20-42 PM_1,15
173.8311703611929,168.9154730734938,-1.8378208960814397,ScreenRecording_10-03-2026 2-20-42 PM_1,16
172.85651534196253,171.9765686311239,-1.9255465440560442,ScreenRecording_10-03-2026 2-20-42 PM_1,17
167.7233806782461,172.71305759292463,-1.998649003402748,ScreenRecording_10-03-2026 2-20-42 PM_1,18
166.4657163987898,164.96637128928182,-2.0141754926194317,ScreenRecording_10-03-2026 2-20-42 PM_1,19
171.0431804308394,164.9790351348914,-2.006005188877269,ScreenRecording_10-03-2026 2-20-42 PM_1,20
172.49242465265434,161.88832939349425,-1.8813912364575125,ScreenRecording_10-03-2026 2-20-42 PM_1,21
173.93492050583887,148.44613817386008,-1.7457107745575005,ScreenRecording_10-03-2026 2-20-42 PM_1,22
161.03724849451177,149.7336898949939,-1.4686382183787292,ScreenRecording_10-03-2026 2-20-42 PM_1,23
126.81655297846619,160.8190789011488,-0.6914065791275442,ScreenRecording_10-03-2026 2-20-42 PM_1,24
118.0019387573127,166.6817797854951,-0.7712475510203867,ScreenRecording_10-03-2026 2-20-42 PM_1,25
141.04905002582808,173.130956043238,-1.6215725514047887,ScreenRecording_10-03-2026 2-20-42 PM_1,26
141.20596504347472,169.2111821113886,-1.7469575974272364,ScreenRecording_10-03-2026 2-20-42 PM_1,27
133.5762025474987,163.6553307213399,-1.6270603947134912,ScreenRecording_10-03-2026 2-20-42 PM_1,28
145.168465687936,163.83793816328387,-1.6864454739680643,ScreenRecording_10-03-2026 2-20-42 PM_1,29
155.16055607993516,165.7774951175625,-1.8394373816405951,ScreenRecording_10-03-2026 2-20-42 PM_1,30
160.90224776322185,164.9065526899014,-1.918875120952833,ScreenRecording_10-03-2026 2-20-42 PM_1,31
166.7315643369757,163.30650920569306,-1.9422915935431653,ScreenRecording_10-03-2026 2-20-42 PM_1,32
169.19785148464334,166.3396757732761,-1.8749217094279338,ScreenRecording_10-03-2026 2-20-42 PM_1,33
170.98046196093748,172.53112644290636,-1.889606671678281,ScreenRecording_10-03-2026 2-20-42 PM_1,34
172.0254592265,173.89936102088043,-1.9794597051658676,ScreenRecording_10-03-2026 2-20-42 PM_1,35
170.16253372117436,174.52286391332296,-1.9854789451047368,ScreenRecording_10-03-2026 2-20-42 PM_1,36
131.54905023213985,169.0439723698283,-1.5574759586845175,ScreenRecording_10-03-2026 2-20-42 PM_1,37
101.35001237069956,168.87540143615178,-1.3589363168949873,ScreenRecording_10-03-2026 2-20-42 PM_1,38
108.83057750823579,174.19961541086116,-1.5822220113816823,ScreenRecording_10-03-2026 2-20-42 PM_1,39
116.4425133883073,176.9232746895931,-1.6192302274470913,ScreenRecording_10-03-2026 2-20-42 PM_1,40
123.35903046107937,175.54358190558867,-1.6329813604423782,ScreenRecording_10-03-2026 2-20-42 PM_1,41
131.35614060047902,174.6738885435336,-1.6732022632157275,ScreenRecording_10-03-2026 2-20-42 PM_1,42
136.71158510663656,175.76912109091933,-1.5763373954923536,ScreenRecording_10-03-2026 2-20-42 PM_1,43
139.46591094335432,175.21914698230142,-1.4623562120771953,ScreenRecording_10-03-2026 2-20-42 PM_1,44
140.94080973526567,173.30205038009174,-1.4410976466993162,ScreenRecording_10-03-2026 2-20-42 PM_1,45
140.6640249700528,172.0625283253673,-1.4713696719285354,ScreenRecording_10-03-2026 2-20-42 PM_1,46
137.81983937845058,173.45209711948047,-1.4816113205156796,ScreenRecording_10-03-2026 2-20-42 PM_1,47
131.93312508487804,176.83924113236114,-1.4466624237851562,ScreenRecording_10-03-2026 2-20-42 PM_1,48
127.44638356461503,178.44209986883143,-1.439874059290252,ScreenRecording_10-03-2026 2-20-42 PM_1,49
128.10920326260347,177.92602899423022,-1.4640878099224768,ScreenRecording_10-03-2026 2-20-42 PM_1,50
130.773870274646,175.10282196433292,-1.4745493387081885,ScreenRecording_10-03-2026 2-20-42 PM_1,51
133.98468190184204,167.20200229847873,-1.4784978264091835,ScreenRecording_10-03-2026 2-20-42 PM_1,52
134.0236794500242,169.3816445921309,-1.4897773062167936,ScreenRecording_10-03-2026 2-20-42 PM_1,53
131.564211583133,175.09897803263684,-1.496626726273099,ScreenRecording_10-03-2026 2-20-42 PM_1,54
130.87561092537888,174.95394414906013,-1.4853355586803825,ScreenRecording_10-03-2026 2-20-42 PM_1,55
129.21536687161583,177.09031397734228,-1.4501683796482767,ScreenRecording_10-03-2026 2-20-42 PM_1,56
129.0788665955408,176.77818593773708,-1.4318030287771828,ScreenRecording_10-03-2026 2-20-42 PM_1,57
128.70730410074543,176.1050278013473,-1.4437161055227303,ScreenRecording_10-03-2026 2-20-42 PM_1,58
128.1523535421206,176.21337767899297,-1.4617180295812826,ScreenRecording_10-03-2026 2-20-42 PM_1,59
128.4948052616871,171.5858953953038,-1.4510393372176515,ScreenRecording_10-03-2026 2-20-42 PM_1,60
127.71982462128557,167.74178848796996,-1.4090480003598445,ScreenRecording_10-03-2026 2-20-42 PM_1,61
126.80595117112645,170.40636481608385,-1.3864322770353597,ScreenRecording_10-03-2026 2-20-42 PM_1,62
126.0118519350498,174.95885633480492,-1.3863936306016147,ScreenRecording_10-03-2026 2-20-42 PM_1,63
127.66818440227217,176.82623709964682,-1.4052884855777947,ScreenRecording_10-03-2026 2-20-42 PM_1,64
129.96344507690313,177.37440537768066,-1.4393178521904455,ScreenRecording_10-03-2026 2-20-42 PM_1,65
128.27519689830447,177.3982395909927,-1.4615633122702616,ScreenRecording_10-03-2026 2-20-42 PM_1,66
127.02554700302237,176.9174141902868,-1.4749476170381874,ScreenRecording_10-03-2026 2-20-42 PM_1,67
126.86207660477005,175.3117279897515,-1.5084386766722868,ScreenRecording_10-03-2026 2-20-42 PM_1,68
125.80062560451995,174.69164877384148,-1.555625306152444,ScreenRecording_10-03-2026 2-20-42 PM_1,69
124.32665732244581,172.30023310826402,-1.5635095739202487,ScreenRecording_10-03-2026 2-20-42 PM_1,70
119.90750456104092,169.74464538398948,-1.5082536213763449,ScreenRecording_10-03-2026 2-20-42 PM_1,71
117.51742944897319,165.66853570163153,-1.4906629629172463,ScreenRecording_10-03-2026 2-20-42 PM_1,72
114.37533283634437,144.4915935350549,-1.496767634050057,ScreenRecording_10-03-2026 2-20-42 PM_1,73
105.25976659824883,131.92314122195953,-1.3717478175579683,ScreenRecording_10-03-2026 2-20-42 PM_1,74
96.69402791144728,141.411883847687,-1.1855183342365507,ScreenRecording_10-03-2026 2-20-42 PM_1,75
94.19934592954893,151.72173961903192,-1.1045498924222092,ScreenRecording_10-03-2026 2-20-42 PM_1,76
99.51018916569758,151.1787144809338,-1.0962625989510242,ScreenRecording_10-03-2026 2-20-42 PM_1,77
103.14919088222565,147.4389434345653,-1.0845444770097314,ScreenRecording_10-03-2026 2-20-42 PM_1,78
103.34304885292867,143.45485616154835,-1.0807458904392715,ScreenRecording_10-03-2026 2-20-42 PM_1,79
98.06929274770057,146.14930434812385,-1.0496776214451968,ScreenRecording_10-03-2026 2-20-42 PM_1,80
92.40985682729759,148.84349848230812,-0.9026708983655639,ScreenRecording_10-03-2026 2-20-42 PM_1,81
109.41454356460038,130.3814351519389,-0.37269728889177145,ScreenRecording_10-03-2026 2-20-42 PM_1,82
132.90535676523373,112.13507480433503,0.042818554288751115,ScreenRecording_10-03-2026 2-20-42 PM_1,83
141.99304658016388,114.16347275026101,-0.06306690886289656,ScreenRecording_10-03-2026 2-20-42 PM_1,84
147.32872852646142,121.21223497480905,-0.30000960294987844,ScreenRecording_10-03-2026 2-20-42 PM_1,85
152.66441047275893,128.260997199357,-0.5369522970368575,ScreenRecording_10-03-2026 2-20-42 PM_1,86
158.00009241905647,135.30975942390504,-0.7738949911238393,ScreenRecording_10-03-2026 2-20-42 PM_1,87
163.33577436535407,142.3585216484531,-1.0108376852108214,ScreenRecording_10-03-2026 2-20-42 PM_1,88
168.67145631165155,149.40728387300106,-1.2477803792978002,ScreenRecording_10-03-2026 2-20-42 PM_1,89
169.25229220612113,157.18942425946372,-1.1843179271254092,ScreenRecording_10-03-2026 2-20-42 PM_1,90
157.24541971217656,166.91306818568094,-0.32558001529052116,ScreenRecording_10-03-2026 2-20-42 PM_1,91
96.71732572905094,171.7162913398351,0.2149718552222532,ScreenRecording_10-03-2026 2-20-42 PM_1,92
60.9355615815219,164.43807234406924,-0.27964967072212954,ScreenRecording_10-03-2026 2-20-42 PM_1,93
103.74299931458062,162.17139067734212,-1.449844253289367,ScreenRecording_10-03-2026 2-20-42 PM_1,94
111.05178863621282,172.145625088363,-1.3811982624677728,ScreenRecording_10-03-2026 2-20-42 PM_1,95
68.71587695295482,176.90058431319486,-0.5039572951956766,ScreenRecording_10-03-2026 2-20-42 PM_1,96
43.6055582242216,176.64499292437517,-0.3957893083533427,ScreenRecording_10-03-2026 2-20-42 PM_1,97
40.22099841111472,169.63802578224963,-0.3262327907843159,ScreenRecording_10-03-2026 2-20-42 PM_1,98
42.559578130549205,159.14599881976704,-0.1903753784715518,ScreenRecording_10-03-2026 2-20-42 PM_1,99
96.65038520543033,159.7987765394698,-1.0797376581728384,Shai Gilgeous-Alexander Free Throw Routine,0
118.49786185445866,140.0883790387966,-1.2349277158665233,Shai Gilgeous-Alexander Free Throw Routine,1
91.69508716802979,122.12838740510571,-1.0584341285889087,Shai Gilgeous-Alexander Free Throw Routine,2
49.25316277898,140.77093831522532,-0.8344217880622334,Shai Gilgeous-Alexander Free Throw Routine,3
59.47587056880815,151.95369689139022,-0.9209309367390534,Shai Gilgeous-Alexander Free Throw Routine,4
64.96384273084394,152.98263672223163,-0.9226518156487231,Shai Gilgeous-Alexander Free Throw Routine,5
54.96373153449357,157.72058697793213,-0.8329795567130833,Shai Gilgeous-Alexander Free Throw Routine,6
67.1179724499837,151.32374250869842,-0.9172945714108016,Shai Gilgeous-Alexander Free Throw Routine,7
88.99297629835554,151.05556252007224,-1.0929462724935273,Shai Gilgeous-Alexander Free Throw Routine,8
105.2273048604887,156.8839916758762,-1.2424708228589945,Shai Gilgeous-Alexander Free Throw Routine,9
101.61105349855082,156.1275036897233,-1.2067580078886295,Shai Gilgeous-Alexander Free Throw Routine,10
84.71313625663534,154.4604364597846,-1.0459062126954444,Shai Gilgeous-Alexander Free Throw Routine,11
71.93788147677327,149.3497669577352,-0.9357025851807764,Shai Gilgeous-Alexander Free Throw Routine,12
44.1712223770077,154.58068916116045,-0.7447107993187584,Shai Gilgeous-Alexander Free Throw Routine,13
16.956608691895408,165.52649810694345,-0.6135150475938449,Shai Gilgeous-Alexander Free Throw Routine,14
13.066770745431656,168.66189039018892,-0.6013509343373702,Shai Gilgeous-Alexander Free Throw Routine,15
34.289893678535165,163.2502305468878,-0.6945298847070371,Shai Gilgeous-Alexander Free Throw Routine,16
73.61144979648219,156.1682050358143,-0.9979230865178089,Shai Gilgeous-Alexander Free Throw Routine,17
96.83392565986178,154.56226820567457,-1.2399693339452806,Shai Gilgeous-Alexander Free Throw Routine,18
106.04454403236163,150.34258491121207,-1.3207512705758546,Shai Gilgeous-Alexander Free Throw Routine,19
121.41793453173277,140.4240830658366,-1.3112485132610343,Shai Gilgeous-Alexander Free Throw Routine,20
137.23066911015417,108.89322099670835,-1.2201409533176784,Shai Gilgeous-Alexander Free Throw Routine,21
144.44555368483086,69.47773925577785,-1.1150760472656254,Shai Gilgeous-Alexander Free Throw Routine,22
136.59651261069223,98.79830031916505,-1.2272609437892965,Shai Gilgeous-Alexander Free Throw Routine,23
134.2076163186643,153.1691379723901,-1.4620218842002912,Shai Gilgeous-Alexander Free Throw Routine,24
124.45096479770976,143.1201240366779,-1.3900295275509333,Shai Gilgeous-Alexander Free Throw Routine,25
113.61929718479564,140.04156167142168,-1.3332049374529729,Shai Gilgeous-Alexander Free Throw Routine,26
123.302148170805,161.51133287536007,-1.4603214312111035,Shai Gilgeous-Alexander Free Throw Routine,27
124.1515938004352,161.72491052883828,-1.48425266542919,Shai Gilgeous-Alexander Free Throw Routine,28
104.27763469482082,159.9680200616046,-1.2710678620196838,Shai Gilgeous-Alexander Free Throw Routine,29
85.75959296500167,163.2771454667367,-1.054558193131464,Shai Gilgeous-Alexander Free Throw Routine,30
84.91477538364764,164.92342948838555,-1.0571426727493982,Shai Gilgeous-Alexander Free Throw Routine,31
86.91013713453891,164.1996448415668,-1.0902853385088638,Shai Gilgeous-Alexander Free Throw Routine,32
76.88492811583986,163.60879497918498,-0.9830753249238968,Shai Gilgeous-Alexander Free Throw Routine,33
71.95740914939844,163.74118399848484,-0.9200835747843736,Shai Gilgeous-Alexander Free Throw Routine,34
88.54733687375565,160.22978243906218,-1.093163351761566,Shai Gilgeous-Alexander Free Throw Routine,35
69.83853808797592,161.3653581936576,-0.9716005898395829,Shai Gilgeous-Alexander Free Throw Routine,36
48.26853607887823,165.3789462776694,-0.6519883672913024,Shai Gilgeous-Alexander Free Throw Routine,37
51.20987641609682,165.81922517669983,-0.5752642643596902,Shai Gilgeous-Alexander Free Throw Routine,38
38.7119388967341,168.98320479394255,-0.43685547551705206,Shai Gilgeous-Alexander Free Throw Routine,39
27.0713245922279,170.01811556073042,-0.41921128652515577,Shai Gilgeous-Alexander Free Throw Routine,40
29.100962197838925,168.69024015878432,-0.6009088569251634,Shai Gilgeous-Alexander Free Throw Routine,41
84.18318152115955,124.29355188691538,-0.6945663131712367,Shai Gilgeous-Alexander Free Throw Routine,42
87.40349390678945,110.51772999801874,-0.7518638440577161,Shai Gilgeous-Alexander Free Throw Routine,43
51.63801287781442,147.49750438695318,-0.8223976510488037,Shai Gilgeous-Alexander Free Throw Routine,44
79.50715836703138,135.59223325286646,-0.8929898392177513,Shai Gilgeous-Alexander Free Throw Routine,45
112.69229835209505,124.44852442554335,-1.1595488517800683,Shai Gilgeous-Alexander Free Throw Routine,46
133.1990590823357,136.29746332248143,-1.4935207945930071,Shai Gilgeous-Alexander Free Throw Routine,47
152.60932519731105,155.68105449065212,-1.5627874985427983,Shai Gilgeous-Alexander Free Throw Routine,48
161.49100335094766,145.9412162180157,-1.4943170794400908,Shai Gilgeous-Alexander Free Throw Routine,49
131.61940696710508,132.28604841242804,-1.3048482412283682,Shai Gilgeous-Alexander Free Throw Routine,50
104.48788657159079,146.39932399100775,-1.161276828485715,Shai Gilgeous-Alexander Free Throw Routine,51
78.88841868408343,152.33851740202314,-0.9841452103612285,Shai Gilgeous-Alexander Free Throw Routine,52
79.75983149160636,147.45488917440656,-0.9841552424475998,Shai Gilgeous-Alexander Free Throw Routine,53
81.01489335845491,151.37644378703786,-1.0014412643389001,Shai Gilgeous-Alexander Free Throw Routine,54
60.42541962056787,163.59167138410663,-0.8724631934559847,Shai Gilgeous-Alexander Free Throw Routine,55
64.62558512450292,165.62350398519155,-0.917198713802074,Shai Gilgeous-Alexander Free Throw Routine,56
65.81547258650271,167.28405879986173,-0.8859745054404562,Shai Gilgeous-Alexander Free Throw Routine,57
53.58424197674048,154.6832530482826,-0.7832715637018458,Shai Gilgeous-Alexander Free Throw Routine,58
30.292928673870893,134.95622710769567,-0.5674023684702338,Shai Gilgeous-Alexander Free Throw Routine,59
39.65240920834541,133.8589454022234,-0.3770483006983722,Shai Gilgeous-Alexander Free Throw Routine,60
53.411966177313815,143.08317769181107,-5.096104451318695e-05,Shai Gilgeous-Alexander Free Throw Routine,61
57.59052205007497,114.08563848606445,0.6062098141987075,Shai Gilgeous-Alexander Free Throw Routine,62
56.41524753809348,111.20533411112663,0.28074081725625866,Shai Gilgeous-Alexander Free Throw Routine,63
51.406504902959774,138.75048091987676,0.03713956283523584,Shai Gilgeous-Alexander Free Throw Routine,64
108.14228711936443,90.35531073096706,0.9413790387391823,Shai Gilgeous-Alexander Free Throw Routine,65
155.89413043059992,49.170955685634986,1.4155991461855777,Shai Gilgeous-Alexander Free Throw Routine,66
156.38641305666428,56.17588652882322,1.1922539099566534,Shai Gilgeous-Alexander Free Throw Routine,67
156.87869568272868,63.180817372011525,0.9689086737277263,Shai Gilgeous-Alexander Free Throw Routine,68
157.37097830879307,70.18574821519982,0.7455634374987995,Shai Gilgeous-Alexander Free Throw Routine,69
157.86326093485744,77.19067905838806,0.5222182012698752,Shai Gilgeous-Alexander Free Throw Routine,70
158.35554356092183,84.19560990157628,0.2988729650409507,Shai Gilgeous-Alexander Free Throw Routine,71
158.84782618698623,91.20054074476461,0.07552772881202374,Shai Gilgeous-Alexander Free Throw Routine,72
159.34010881305065,98.20547158795291,-0.1478175074169032,Shai Gilgeous-Alexander Free Throw Routine,73
159.832391439115,105.21040243114112,-0.37116274364582763,Shai Gilgeous-Alexander Free Throw Routine,74
160.32467406517938,112.21533327432935,-0.5945079798747521,Shai Gilgeous-Alexander Free Throw Routine,75
160.8169566912438,119.22026411751767,-0.8178532161036789,Shai Gilgeous-Alexander Free Throw Routine,76
161.30923931730817,126.22519496070599,-1.0411984523326059,Shai Gilgeous-Alexander Free Throw Routine,77
161.80152194337256,133.23012580389423,-1.2645436885615302,Shai Gilgeous-Alexander Free Throw Routine,78
162.29380456943693,140.23505664708244,-1.4878889247904548,Shai Gilgeous-Alexander Free Throw Routine,79
162.66863590447437,147.21764752834858,-1.7025389359302454,Shai Gilgeous-Alexander Free Throw Routine,80
161.58168653292373,154.8953303448166,-1.8154436561659844,Shai Gilgeous-Alexander Free Throw Routine,81
159.09529146714544,162.05257454688694,-1.832218105083704,Shai Gilgeous-Alexander Free Throw Routine,82
156.868914078793,166.1391228527546,-1.825028287050627,Shai Gilgeous-Alexander Free Throw Routine,83
152.12072336840782,168.8627712962619,-1.7479082628996812,Shai Gilgeous-Alexander Free Throw Routine,84
143.70804581565267,169.83327283619684,-1.6399045988517595,Shai Gilgeous-Alexander Free Throw Routine,85
135.86537235267878,168.6236155786286,-1.5718143523440313,Shai Gilgeous-Alexander Free Throw Routine,86
127.4793502465694,172.79820708507435,-1.5167612583020125,Shai Gilgeous-Alexander Free Throw Routine,87
126.12490370603261,174.74870662751786,-1.5076701675185893,Shai Gilgeous-Alexander Free Throw Routine,88
132.11174811578363,167.15596170408398,-1.469770648190767,Shai Gilgeous-Alexander Free Throw Routine,89
138.9759638114005,160.61085332710454,-1.536885807334443,Shai Gilgeous-Alexander Free Throw Routine,90
146.77440246604849,164.62679068210608,-1.617977074616788,Shai Gilgeous-Alexander Free Throw Routine,91
161.1113337093375,157.03422524299484,-1.6429860478427287,Shai Gilgeous-Alexander Free Throw Routine,92
171.7248480905239,149.69623454142837,-1.5398192835978037,Shai Gilgeous-Alexander Free Throw Routine,93
171.1509570263862,159.15275253774573,-1.5364147079570218,Shai Gilgeous-Alexander Free Throw Routine,94
126.88476930471373,146.7157101724656,-1.4046365539326973,Shai Gilgeous-Alexander Free Throw Routine,95
110.38725523726434,144.64212070625604,-1.3247706562812687,Shai Gilgeous-Alexander Free Throw Routine,96
154.14212222982894,162.40890966798943,-1.5875954966321766,Shai Gilgeous-Alexander Free Throw Routine,97
173.5496220969125,171.1991142275689,-1.6800503628174674,Shai Gilgeous-Alexander Free Throw Routine,98
177.3404063170997,176.20151296515823,-1.7752136108407808,Shai Gilgeous-Alexander Free Throw Routine,99
