pct_of_shot,elbow_angle,wrist_angle,wrist_height
0,107.60659453065526,153.08032310646726,-0.5749222263513423
1,121.15437077719265,148.65299929441224,-0.5671776989151837
2,119.56471767451136,144.6161519856504,-0.5127489692519349
3,118.22797958697414,150.32804519596206,-0.6480738801599684
4,100.75265492213721,151.8616393888568,-0.2393093533580576
5,103.36909080541002,145.94514315260233,-0.23624018360195598
6,110.99553562903105,142.2413071025194,-0.28465694380193673
7,117.2796378208938,145.9653046909865,-0.9386268174180324
8,120.77113090708197,133.14244432506533,-1.0608981630390104
9,117.98971077441381,133.0614892380623,-1.0689356209429723
10,124.76302317484237,135.80589120894302,-1.2909458027070564
11,126.02722101906562,143.56361537302078,-1.3637772610348966
12,121.60113365861854,148.48289333929176,-1.406012494851172
13,127.75026703822371,152.82185043744227,-1.460593729940201
14,114.2657515732895,158.19789111428685,-1.3157599885517897
15,113.24275767035495,160.81626099937708,-1.382174752445215
16,110.00721258323254,156.81746195681094,-1.2285794826982765
17,121.2348886486198,162.83720485065103,-1.0830520079224548
18,120.57005422752988,164.1782179003791,-1.0187223300596708
19,123.80136149906677,159.10250388554843,-1.1079785108601696
20,135.89862413023405,154.49623812189225,-1.1608197485785572
21,136.49754543696957,157.29535369771102,-1.058784171110556
22,144.6102038120504,148.50718375649382,-1.0916321583730628
23,144.3915052528428,146.70519135023105,-1.1001520462671806
24,135.36355694267323,153.188094053889,-1.0048974315708026
25,130.38258149472392,158.56070302257228,-0.9204491391301998
26,116.07899493963062,160.01484537892676,-0.8955085960166728
27,115.25273055917637,159.60260212369258,-0.8917239326373535
28,128.5183261114376,144.81860647075888,-0.9862755544302892
29,129.48581942780848,155.31223225272012,-1.194966371732302
30,124.88479754144424,156.98512693761376,-1.204170051550123
31,120.51367532964531,156.42869828424628,-1.2525363278254011
32,118.67579990267161,158.98867955071088,-1.1563281748430978
33,127.22430861381346,157.1050663705396,-1.1668766045542434
34,129.5661297967523,157.96728374044028,-0.8650104922003667
35,140.3355096436618,158.72213538212634,-1.2540444198288148
36,132.12329635084797,159.85733734817615,-1.1477623388683451
37,125.38791748151412,160.85502239644583,-1.1389947718927538
38,123.53462364655908,161.6530443805746,-1.209872353490728
39,125.49715276906952,165.9135192027226,-1.2075129934561415
40,127.18480986804116,169.2119486737057,-0.9920637488904993
41,101.69100893517566,171.99942967099983,-0.8280657960146227
42,111.3125926850213,164.89355065495945,-0.8652570874254832
43,101.90112107440525,163.1041628966929,-0.715760878510245
44,109.86345225588343,163.72408269313036,-0.9315360982165024
45,109.88411666496694,164.13851929215107,0.26014851014153745
46,130.94820566400062,163.00141237822564,-0.9700161233954664
47,119.83117311607914,163.26371548611368,-0.5780020992632157
48,106.56439048323007,167.4768579534486,-0.7090579558168458
49,112.65428505069332,166.93440446129839,-0.9481056536240965
50,115.21368197231183,164.7662886616625,-1.009136004985816
51,110.73018531936647,165.8607299188476,-0.9008905613372516
52,110.04633974660454,165.84943023855712,-0.9651740876506223
53,102.23829722972822,156.5281812234222,-0.8531714568990306
54,114.56072660178958,164.97630282156692,-0.9404815477367523
55,117.71907706864528,167.7442672964645,-0.9590737320824078
56,114.96434919014135,168.10717041032615,-0.9896442422065057
57,121.98978925822637,168.86107619850898,-1.1538779454177277
58,121.81348936489358,166.7149139634026,-1.202394690884049
59,107.46716404671405,165.7663398135251,-0.8816397072436684
60,122.08787824553104,163.34452819948248,-1.194896795432487
61,132.19194301110204,158.3021562298178,-1.0878870425784197
62,128.16629440735173,155.27787770595535,-0.9024633775965955
63,112.5718073975322,156.84436120698334,-0.5418002358839381
64,116.70035573198551,159.51250642807628,-0.3950856426295298
65,113.48008080893328,153.92447130438111,-0.7820146230218514
66,125.98066612610079,148.51319599617517,-0.8382260135962031
67,117.46615094707577,146.50174304980018,-0.6817546708902287
68,119.80144721783998,147.0794064476628,-0.6332960974851383
69,103.434585183132,149.20690056258513,-0.25331537902356877
70,95.35637420490538,154.88183730326298,0.013228921264468198
71,102.0767555797025,154.8695654810796,-0.009153520891413061
72,115.32517625854123,155.9913478585343,-0.10732458865438982
73,121.61336860220705,150.39013531952864,-0.26740203758993747
74,110.79057760270472,153.40438888093533,-0.27885553647690847
75,105.25039578098871,154.93363846246672,0.019379167600689435
76,103.09798059432484,156.65384259027908,0.04634564850509834
77,108.64236794238501,158.53282189468948,-0.1956003613695512
78,109.7615876830097,159.3612752461441,-0.18393211594269662
79,113.13341643010732,163.0895421464226,-0.2252281430428165
80,111.12864697685346,163.9526143698019,-0.14008876235777726
81,110.45984094063857,165.64055161612671,-0.3794388925835207
82,117.38347206048022,160.69035774226836,-0.6727933240756168
83,120.21073177956242,158.3654165753856,-0.6823993053128904
84,114.3415617483997,162.61738961710273,-0.7841452066731384
85,108.98660641933319,166.2308700841617,-0.7805115005196139
86,102.7796033423707,166.3108249655761,-0.6001100519977499
87,111.84242967794017,165.84047555208855,-0.7600683574617914
88,111.08942167038138,161.37048316213566,-0.7080812604686639
89,117.25302613715866,162.3810303362642,-0.6140127174986794
90,121.94405830017374,163.70037687826755,-0.66016609628537
91,125.72252250317752,167.02098253676667,-0.8330097300708195
92,114.44300914197834,163.4412334532036,-0.819544111141151
93,113.85786719430082,156.03937229060875,-0.9656510128026786
94,131.9062666673967,168.08947387323775,-1.0591911807934133
95,131.74392199108382,166.18059936134506,-0.8644401491601489
96,125.75414360217779,165.8034653535085,-0.792277326147251
97,124.76825029828605,166.60642062511772,-0.9168505608951983
98,127.32867335659623,162.00114735613192,-0.8416220494122588
99,123.4018305858816,157.4763883249533,-0.7764342134234138
