pct_of_shot,shoot_elbow_angle,shoot_wrist_angle,shoot_shoulder_angle,guide_elbow_angle,guide_wrist_angle,guide_shoulder_angle,hip_height,torso_lean,nose_x_offset,nose_y_offset,finger_spread,index_extension
0,99.09232149273214,159.24064151614425,23.857082626571202,106.09227841083184,160.3405866716582,19.458107766258134,-0.0008032449012232508,24.59534842932519,0.27546475465449766,0.36050664860420367,23.67762292338472,1.7365773770817396
1,98.69397986911869,159.29527800743364,24.14602672954638,105.727188233278,160.15365527913963,19.661572923132542,-0.0008872472512358232,24.469540637333836,0.27480543218046805,0.36080395262937176,23.405669117069664,1.7371411226484768
2,98.29563824550527,159.34991449872305,24.43497083252156,105.36209805572415,159.96672388662105,19.865038080006947,-0.0009712496012483974,24.343732845342476,0.2741461097064385,0.36110125665453985,23.133715310754603,1.7377048682152139
3,97.89697324378795,159.39882178850488,24.72616084739813,104.99994342199007,159.7760772340487,20.07282403148896,-0.0011003041455400155,24.218976688573235,0.27348681612062326,0.361417580265721,22.869335065449057,1.7383946615062502
4,97.44413507036266,159.5294012489947,25.060690624214303,104.66768085440958,159.64035857429133,20.380774278169067,-0.001327498556443089,24.094778447472343,0.2726614441742978,0.36179566760167753,22.64156036502283,1.7396936854647347
5,96.94944811483936,159.72324950524376,25.43199472698583,104.34388650308956,159.617906967063,20.747466176721773,-0.0016444280637225232,23.966950918001046,0.27177012608461704,0.36225712073844196,22.413785664596602,1.740992709423219
6,96.45345324599117,159.88379737416247,25.803712792963385,103.98727989711979,159.66472793444163,21.10098976350528,-0.001357097613054721,23.82958830004909,0.2708396521030561,0.3626562334233975,22.10334690590392,1.7431962385516915
7,95.86427315273197,160.04177442979613,26.279410455053263,103.61152321404957,159.64869780686786,21.58477522804466,-0.0021601397261630712,23.660022255791016,0.26975645751036853,0.3632748187454759,21.63446870220053,1.747133402589308
8,95.04978713823982,160.253733326477,26.93493021661593,103.0262819202984,159.38383289330815,22.254629741763555,-0.0032387456011012798,23.439638924621555,0.2680829879821629,0.3642593704984702,21.16559049849714,1.7510705666269248
9,94.16219826511906,160.51032014412138,27.653492676922962,102.3785997017656,159.07979191986405,22.992442315306196,-0.004208134559719282,23.20608682671924,0.2661932354923513,0.365374268651549,20.905757583553573,1.7527341919214732
10,93.19704476248963,160.8148691653773,28.45728803926093,101.70279042223915,158.6846022834943,23.87927317828591,-0.004979907736330604,22.967813113792687,0.2639398011807527,0.36657920830786445,20.8433563302165,1.7522505861809017
11,92.18030094001904,161.171593751226,29.351031410205355,101.00285887792033,158.36899585059462,24.876012457332305,-0.005041196028371686,22.72420142964812,0.2613883822004161,0.3677978672935888,20.78095507687943,1.7517669804403302
12,91.1394434409636,161.54499315472134,30.34699190250396,100.24807624260397,158.14151077740132,25.986393657355737,-0.00424176690576587,22.470890892558646,0.2584601679809891,0.36917019899249315,20.836654384752933,1.7516508662899102
13,90.05540764590519,162.00882716478822,31.43386389025876,99.44873818905525,157.98849493503005,27.134188638176486,-0.0033637494885047432,22.217025485610176,0.255164691971348,0.3706200672792613,20.94648311651462,1.7517031857849759
14,88.98038980707439,162.5169780127147,32.607448638334745,98.62592946038819,157.91582032198335,28.333425190063597,-0.0022847550351885832,21.958565810963393,0.251562132988455,0.3721943424027353,21.056311848276305,1.7517555052800415
15,87.91919370435805,163.09254246014757,33.858178498039564,97.83029025116399,157.92188599415803,29.674267152080642,-0.0008293937380837772,21.686766632572564,0.24776143058940225,0.3739389906235944,21.31016302847815,1.7528787775984025
16,86.81052384321241,163.7029186123661,35.16815684219568,96.99936893645794,157.96447551147855,31.083510529014372,0.001456081501944962,21.407793866611847,0.24369728054719508,0.3759141593238083,21.588017950086687,1.7541805420539798
17,85.6562523630798,164.39544822442434,36.51087706245412,96.11181826316394,158.06498295483723,32.52768773616574,0.004622484015119288,21.123779943119736,0.23945340476803817,0.37791604033332277,21.866183471382755,1.7554774078067785
18,84.57663481650269,165.0205825623524,37.95581107496604,95.16846387721883,158.0850546213789,34.011236124373774,0.007475612753584737,20.831336901410893,0.23521605443611562,0.38014048025802827,22.154909382054836,1.7566077176651178
19,83.51030921531387,165.63248317891765,39.49754380045727,94.04636017783406,158.12692126754118,35.49936570795632,0.010964550940959767,20.53007556003923,0.23085942644590032,0.3825231744282911,22.443635292726917,1.757738027523457
20,82.43135412239515,166.24716335793778,41.117137050519034,92.86824429785561,158.2395708856011,37.024647034168446,0.015219762741613135,20.226764385920237,0.22629679051783486,0.38496020801818004,22.72293497586525,1.7590830681732434
21,81.34027959227437,166.81626987790276,42.77215013463886,91.65830655044732,158.25845855870597,38.55175660280986,0.019514294159841506,19.920102725893365,0.22162434685486987,0.38746908256573154,22.964529748868575,1.761287031988819
22,80.28677030319243,167.27169725836706,44.50279033591101,90.53704065371441,158.21061146259123,40.13579141892048,0.025184198200867314,19.600997138617426,0.2168364693940188,0.3899245060765127,23.2061245218719,1.7634909958043945
23,79.29073378210467,167.51882852810573,46.31925427940209,89.47066301551956,158.00085953992834,41.73825647642513,0.0321178096143112,19.264233729581033,0.2119435049385912,0.3921956963729021,23.229567042998674,1.7662864799333113
24,78.28447153353663,167.78205451212804,48.146650568643615,88.38311038728355,157.8244198187069,43.33298804127285,0.03885123342966542,18.925263146492192,0.207028002683271,0.3945189363399046,22.88382883018052,1.7700829984386517
25,77.34675235788826,167.97639408608183,50.02581716579572,87.25695324528628,157.70056902349225,44.8919384440719,0.046463248893405924,18.572041722245434,0.20202979572686197,0.39677483409625947,22.538090617362357,1.7738795169439918
26,76.5493268152348,167.97818030524076,52.02515027635133,86.13364573779829,157.4644588778444,46.475411840882636,0.05502918569016418,18.202979451522026,0.19681031369163893,0.39907835919855045,22.15443234721022,1.7770811825388533
27,75.78457579413397,167.9314348798291,54.048626079190974,85.02693616270261,157.13692133146068,48.047904106348874,0.06384686908854476,17.827612365664862,0.19159799220907173,0.401442900848281,21.738841397197895,1.7797819193669961
28,75.05326852345374,167.83930312841346,56.0738530924457,83.97754143532696,156.7910563950945,49.67314683360612,0.07346948411962169,17.442962472980618,0.1863930390975732,0.40369388611661755,21.323250447185565,1.7824826561951386
29,74.45947470541245,167.43673444039567,58.112960007329896,83.04583546270509,156.0136455018172,51.365783132394014,0.08556175809455395,17.016337116879004,0.1813816153723999,0.4058153869622887,20.842259302287697,1.7843482172145
30,73.89882196819254,166.98158242164794,60.140068222052115,82.14779433948094,155.2478352660729,53.07464010396805,0.09820318964832897,16.57228000753674,0.17653310674979772,0.4077669865882393,20.335108079435617,1.7858797079103488
31,73.33412034850434,166.46622105293045,62.14772189340752,81.28122069772178,154.39124647800693,54.78886025739714,0.11159619155893322,16.11905460165865,0.17173613089541567,0.40939991684794597,19.827956856583533,1.7874111986061976
32,72.83564520220563,165.67494650788413,64.1812876637108,80.44277618449682,153.27757234718038,56.48755535882886,0.1270299357569334,15.638792672410219,0.1670118732209074,0.4106233596729214,19.38696210678394,1.7876491602618847
33,72.38664488152357,164.83220553778622,66.2179648485514,79.61145486294156,152.22640192056753,58.164973264698226,0.1436840979373955,15.153363365181944,0.16219016855774013,0.411793818835782,18.954503676087892,1.7877202149446478
34,71.90051368341598,164.06278970937723,68.20080794239276,78.76685927776464,151.2252362930342,59.82242488160579,0.1614692240997549,14.657800851874663,0.1576691916143768,0.41253943820293437,18.522736910668,1.7876910248949764
35,71.45156258043605,163.3675749611586,70.0952315555932,77.80974488486983,150.00233046628395,61.30033465026127,0.1822881439687091,14.120225338867845,0.15329654982990193,0.4126811785548443,18.10238262230477,1.786007796760135
36,70.99997444403078,162.69203935243019,71.97964024719276,76.98196743752611,148.67878157722078,62.8001559041561,0.20437138114801723,13.581017109855042,0.14883296633031937,0.4125874623968524,17.682028333941535,1.7843245686252938
37,70.55422103395942,161.98537489729247,73.84216635200191,76.25009477648234,147.303055887379,64.30113802433503,0.22745138164495424,13.039355867249151,0.1443925328384155,0.4122844854453261,17.381710871012626,1.7822590909305516
38,70.10676529145563,161.30538172240776,75.60331787275848,75.687148568043,145.97231645156265,65.77720500944274,0.2541467740255888,12.465333940046808,0.1404104877587932,0.41129670601179175,17.486517693924565,1.778903520971144
39,69.66031966052061,160.63751300047096,77.3260039706252,75.22351839909548,144.41698083399737,67.27004605986247,0.2818325578295763,11.88536858098321,0.13657077755454403,0.41007008090975217,17.591324516836504,1.7755479510117362
40,69.21042523232958,159.99638843896113,79.01583831187972,74.61727477393417,142.89573366554902,68.68783219127094,0.31062081326316343,11.29455658258743,0.1326457768408258,0.40859200519673494,17.696131339748447,1.7721923810523286
41,68.74047231323011,159.59585049461987,80.64236696808304,74.07704719773542,141.58622792184963,70.06504192940723,0.34177139357667696,10.685938056864499,0.1293826477599542,0.40655441489813915,17.800938162660387,1.768836811092921
42,68.32323326747655,159.25854856872527,82.19306810268833,73.6523918674482,140.859403320829,71.4646411203902,0.37419481923754533,10.076330884598582,0.12664310898160644,0.4040780890188403,17.905744985572326,1.7654812411335135
43,67.9419487255351,158.97705300232283,83.77850382715788,73.30026825152983,140.40005531527066,72.92778786400713,0.40687005864770254,9.46214729790686,0.12418743264043959,0.4015230798484339,18.010551808484266,1.7621256711741058
44,67.5678248174735,158.88322964307665,85.30064978923728,73.17116553454453,140.19623695194886,74.46362451002754,0.4398515909136276,8.848725509141586,0.12220871737999704,0.398727380412846,18.115358631396205,1.7587701012146981
45,67.19348115777639,158.92929174811772,86.7684110516102,73.32665662377185,139.9299782201475,76.10560169715663,0.4740676735282921,8.240119973368927,0.12054258930733343,0.3956269988323485,18.220165454308145,1.7554145312552905
46,66.8852059171735,158.98350804662522,88.24355333718091,73.55275518653686,139.58306507419618,77.79304622598454,0.508620124909271,7.619130783137727,0.11904859822891944,0.3924529635392292,18.324972277220084,1.7520589612958828
47,66.75103082138561,159.101281636153,89.64668023964487,73.68359644384952,139.3908565691064,79.36474879985566,0.5437235134727402,7.001739103029756,0.11804166170889846,0.3890468433445773,18.429779100132023,1.748703391336475
48,66.67462215948224,159.17146633706466,90.99053155971299,73.8690130781846,139.18161863059314,80.89293393211828,0.5803934187897885,6.392501744015575,0.11708207300796983,0.3855773260246192,18.534585923043963,1.7453478213770672
49,66.64052480841166,159.37019833675149,92.26384725461,74.07667830287473,139.22255084150962,82.33573273432398,0.6184038611587797,5.797507459842737,0.11602872094901001,0.3819988614830027,18.639392745955902,1.7419922514176596
50,66.68448074023338,159.59877215108213,93.5171570877291,74.6952119459006,139.17797184101823,83.88469942097684,0.6577675708507632,5.211174270724678,0.11523813591016678,0.37809988178543535,18.744199568867842,1.738636681458252
51,66.80682784206999,159.85454641653146,94.75131377206351,75.7292331285764,139.0357108907193,85.54445677899011,0.6985133576504134,4.63358068644047,0.11471707908492608,0.3738784785537083,18.84900639177978,1.7352811114988442
52,67.09106807299483,159.96345481102978,95.97546791928029,77.04928551601152,138.70721494641163,87.28738400170327,0.7393360598467513,4.073315540174592,0.11416718636845365,0.3697638456554108,18.95381321469172,1.7319255415394366
53,67.54151935782339,160.05042582716695,97.15120533050363,78.50143954089408,138.46594209911083,89.00996425604195,0.780124898048069,3.52587964647644,0.11339602686806816,0.3658253317186095,19.058620037603664,1.7285699715800291
54,68.1555376250033,160.27183114849888,98.24113494676863,80.06256165812863,138.3122529402888,90.64459141235857,0.8206612511322243,2.9948499562217195,0.11261762325552027,0.3619825365208635,19.163426860515607,1.7252144016206215
55,68.8265503059796,160.48777591065274,99.30993583249247,81.6669475903426,138.2368839403676,92.23039612384896,0.8607717487962545,2.472410883717869,0.11182825846308485,0.35836622237218385,19.268233683427543,1.7218588316612138
56,69.72461611755094,160.7922502727317,100.38948018215643,83.42770239264854,138.74275288750152,93.86919807979162,0.8993507933466334,1.9774165323645831,0.11046953405266596,0.3552059437544428,19.373040506339482,1.7185032617018061
57,70.79181094932146,161.0166529771219,101.38544757947176,85.35896277481166,139.49120423616125,95.55167482258206,0.9382163644297649,1.511627877914323,0.1085593026310333,0.3521335759659071,19.47784732925142,1.7151476917423985
58,71.83901477373384,161.30126433600947,102.34371601035247,87.32261659287664,140.17330941793654,97.19308832116876,0.9777325537649588,1.0569713218568837,0.10680937794572988,0.3490238678991365,19.582654152163364,1.7117921217829908
59,73.19349196899492,161.72952916104353,103.39771930473978,89.61845870022077,140.55881085343412,98.86681098907849,1.0168005581547654,0.622545120293083,0.10494014983890128,0.3457892677418342,19.687460975075304,1.7084365518235831
60,74.9261289459067,162.21428839466893,104.55973985650712,92.3251101084738,141.4161638002917,100.63538260086915,1.055199012726579,0.24216080836623016,0.10253781545033058,0.34258981634126284,19.792267797987243,1.7050809818641754
61,76.73591817686936,162.7086524759853,105.70692020470369,94.95536628188887,142.4920135062717,102.32427542288897,1.0931174475047916,-0.1186101124289417,0.09990382540839618,0.3394342700917417,19.897074620899183,1.7017254119047678
62,78.703530091785,163.14558246372854,106.83084264927912,97.55145746311833,143.77150169057205,103.92247272998083,1.1301856871183458,-0.46883882263125204,0.09725145264083256,0.336280275620722,20.001881443811122,1.6983698419453601
63,81.26126720368296,163.3531029687806,108.05132461883984,100.42023309701715,144.85598954232296,105.56103870606948,1.1635481442738518,-0.764070417277917,0.09447846385800497,0.333456360560627,20.10668826672306,1.6950142719859524
64,83.91767422559799,163.48109910812093,109.29920840190425,103.35390653607243,145.99730413077293,107.23013792836082,1.1961775482578427,-1.0478129122913762,0.09150708368403998,0.3307004388761284,20.211495089635,1.6916587020265448
65,86.69804282394935,163.57598839817325,110.5576153363495,106.42632579928798,147.26366281792627,108.91874825258056,1.2287924505838999,-1.316380784998416,0.08838608229989972,0.3280805549840847,20.314981786855725,1.6885853559028154
66,90.25186420301263,163.52989333149438,111.89729944568171,109.60587206049807,148.59386618202888,110.46565943894707,1.2578960678828681,-1.5718660666556181,0.08580955362993185,0.3250581651597284,20.37754458764876,1.6942609486851092
67,94.07335192435032,163.5678334276209,113.34352888932979,112.96733743618191,150.113553964096,112.01730036889064,1.284773026951693,-1.8173114443835738,0.08333753255619603,0.3218676029303504,20.4401073884418,1.699936541467403
68,97.9669650147355,163.60194946061392,114.82402732694379,116.3825051804916,151.51701800533877,113.55994275175958,1.3109818015542176,-2.0459126900433806,0.08077317038479599,0.31865771322706476,20.502670189234834,1.7056121342496966
69,102.03356770949708,163.82066543658385,116.29133981191076,119.94778859925471,152.78171525795804,115.14874599259956,1.334398337997498,-2.2573802434584533,0.07886929617151561,0.31459996270199797,20.89124208780428,1.7034987831385529
70,106.13658705998255,164.10470784384242,117.71457615254587,123.53918430074775,154.04872453946393,116.705249845605,1.356600957240323,-2.462703149654678,0.07696915543253148,0.31038263653954096,21.30154792622548,1.7008661691011797
71,110.46282388775744,164.35092656761398,119.15864957156982,127.24859298906438,155.38117792267968,118.28283339275174,1.3768617120827846,-2.660375440993672,0.0751278784396125,0.3061792140107775,21.711853764646683,1.6982335550638068
72,114.94703393044117,164.36202486281954,120.62165828840804,130.92600093773797,156.45841778222675,119.6981357885853,1.3927975589160184,-2.8470670547226145,0.07407347284932987,0.3021169133234873,22.312971712452345,1.6989056407174465
73,119.42589944572994,164.26612047723668,122.05589655323341,134.59255284507043,157.54235410644839,121.07147967772852,1.407782379551304,-3.024648537481906,0.07323216397102608,0.2979826749504224,22.94942523606995,1.7001897077953474
74,123.87678532046203,164.10165985548892,123.45516177100454,138.24953496887528,158.46640408338672,122.42148421962472,1.4218902483957532,-3.197296816039823,0.07260327418897634,0.29381324922887814,23.585878759687542,1.7014737748732487
75,128.25529656637005,163.8426562908699,124.66250879669612,141.6622099958922,159.25816755650922,123.62293763835994,1.432941956388464,-3.3631466813844226,0.0725017803535518,0.28935855843972363,24.260978735142658,1.703899894022098
76,132.48857020257785,163.47678956167215,125.74155146104783,144.85003960957624,160.0800095797257,124.71971213686605,1.4421131473525524,-3.51775678996468,0.07248811206265329,0.284968725994064,24.948960861210274,1.706706697194597
77,136.7013130836998,163.07496247069184,126.80170670562543,148.00274266612047,160.83582815012034,125.79214942068654,1.4507322768318467,-3.6726092146365104,0.07256483116754069,0.2804235649259064,25.63694298727789,1.709513500367096
78,140.61725576579093,162.52920439608778,127.77451955618972,150.74159408123893,161.33309335111878,126.67252600653255,1.4557448824415673,-3.8284768726428204,0.073023121324802,0.27572582452437766,26.37473229897017,1.7122367252103046
79,144.3147835038544,161.9945394312855,128.68917952412934,153.35705733681974,161.6222800296242,127.50735808982733,1.4584158742804454,-3.982883942507561,0.07397481015233187,0.2711224683689556,27.138611088846787,1.7149161709286465
80,147.93807298893825,161.4420968014199,129.57642544074398,155.99454169685646,161.70903047411804,128.3570490647297,1.4596811064511819,-4.133126448799311,0.07516491511792103,0.26674726668024124,27.902489878723408,1.7175956166469888
81,151.1824564369046,160.90890834179066,130.35511689727792,158.36262507797665,161.70347323274393,129.10968369796842,1.4601136701080433,-4.268926044457163,0.0764097070097165,0.26289346959376486,28.747907093351333,1.7143889874796527
82,153.970913438272,160.36224493904132,130.98049176446804,160.40380035349258,161.59805163262442,129.7022344375502,1.4589959021881267,-4.39352950027385,0.07798699629209137,0.25963381252657003,29.656743082785848,1.7066043000679008
83,156.49350760114802,159.8039717746339,131.5298276681873,162.19401338299122,161.52111109301214,130.1602472107687,1.4555299400197963,-4.503464558579095,0.07962953548240527,0.2568611325584322,30.51488720368387,1.7029614863056963
84,158.88492959917318,159.19282840361643,132.0696762130256,163.86201285999806,161.46069832357543,130.5842575643273,1.4513274381408086,-4.608089048501377,0.0812351545122181,0.2544347981904923,31.174556943504808,1.7046608532942835
85,160.93791335712203,158.5642472772981,132.55212117064136,165.30511008867487,161.1319692397792,130.97633882633005,1.4456492451341485,-4.704798745622544,0.08287624872387525,0.25271118426487493,31.60519241548829,1.7127902095827854
86,162.71761873721223,157.8445864453094,132.96509250345215,166.44740429096032,160.72355913558337,131.2679419142794,1.4393416421256857,-4.789861456758431,0.08442971988422739,0.251461230156847,32.00110969806377,1.7240010472953036
87,164.2540740836364,157.05937687288377,133.31670227913142,167.45032176356463,160.23613624961737,131.50267729353155,1.4332324034435704,-4.863090406899526,0.08587814335006291,0.25031406351350705,32.28341612534414,1.7337489615296637
88,165.58552088025914,156.30419483358202,133.64081260017633,168.30170947240254,159.70579480871803,131.68845605534392,1.4276912808938107,-4.924600577291552,0.08720374878905783,0.24922344266866184,32.391526470926365,1.7414294727169655
89,166.6600377844858,155.60852730591486,133.9610492496507,168.92718072907834,159.15203951565786,131.81853609650412,1.4222216300614745,-4.968599600535422,0.08834225440119327,0.2483846975767205,32.53270302114949,1.7499190080858062
90,167.43724668916389,154.87466887230562,134.19339469882266,169.36585734669745,158.59677461536953,131.89869831021494,1.416281387435643,-5.00473384057199,0.08938667490794783,0.2478294943665146,32.67176979801908,1.7578900722093789
91,168.12404718145862,154.2198578533995,134.43743625601633,169.78540363155614,158.1868874146875,132.00075261421497,1.4116323730451605,-5.032761901393919,0.09025205662668441,0.2474219708915432,32.78110135207548,1.7629291880909799
92,168.61141509578167,153.65794548427627,134.62565229514112,170.06091230098127,157.75205458764552,132.06368114046904,1.4072426916493197,-5.057243837488721,0.09114616419906824,0.24710918211477068,32.86465735105101,1.7662668103800414
93,168.8136506170791,153.35882140854778,134.71886230272918,170.15345593108387,157.3602980290863,132.1049531361613,1.4036663682850523,-5.076657147808041,0.09194824373489871,0.24703306243209983,32.93839066034408,1.769539366166986
94,168.9688375646625,153.1879805212553,134.76868509794767,170.29592984716157,156.88769235024526,132.14822697740294,1.4005321943525517,-5.101480927951598,0.09281270045053913,0.2468632238707775,32.95063412368367,1.7742848348595839
95,169.0604083348445,153.127229243346,134.80870728048745,170.37800023447016,156.49786840762405,132.20296040196604,1.3974869997681814,-5.1216249406895535,0.09362863967944937,0.24677040093331382,32.95300374841651,1.7799458867251352
96,169.090546053062,153.01107138158878,134.87572620785457,170.4050253769188,156.12126918974286,132.26167562054704,1.394160837653544,-5.134980530047504,0.09433666644671013,0.24704314408034325,32.94063359194688,1.785869343252097
97,169.0989134022124,152.66311111880898,134.95051175922396,170.44593442930926,155.73690988251258,132.3502383241734,1.3916331544671285,-5.13742261704236,0.09467211649418997,0.24737896798443987,32.818632726186905,1.7921549607008005
98,169.11384918937375,152.23441180550796,135.02529432481586,170.4924539206195,155.34938183483584,132.4247520933445,1.3893431125616822,-5.139048628770048,0.09495184946620164,0.24767217187328983,32.70342920711665,1.7979906986725607
99,169.12878497653512,151.80571249220694,135.1000768904078,170.53897341192973,154.96185378715907,132.49926586251559,1.3870530706562358,-5.1406746404977355,0.09523158243821331,0.24796537576213976,32.5882256880464,1.803826436644321
