frame,time_s,shoot_elbow_angle,shoot_wrist_angle,shoot_shoulder_angle,shoot_thigh_angle,shoot_knee_angle,guide_elbow_angle,guide_wrist_angle,guide_shoulder_angle,guide_thigh_angle,guide_knee_angle,hip_y_raw,torso_lean,nose_x_offset,nose_y_offset,hip_height
0,0.0,107.67092095940991,164.24159483673407,15.172107251803826,56.61456181492181,90.20508189177296,115.06665031629703,147.75118489749653,19.018484352997792,69.73516585625258,81.28523898259607,5.505526199841833,23.57649572126679,0.28477270627656737,0.341903831928791,-0.0
1,0.03333333333333333,110.73366809370965,162.1929703535002,14.859190990079423,55.3107132507723,93.33706524402209,112.54103097227738,163.70854162608242,17.610217547271436,60.21382496594577,92.0622542484827,5.445316259486816,22.55317762643367,0.2803450703828264,0.3310633089069788,0.06020994035501648
2,0.06666666666666667,110.15127487776026,162.22506508321186,14.042249492626924,53.54522341319362,94.4280630096691,104.79264465189502,166.18460371752695,11.233269076430547,56.31414576178162,97.22332485892797,5.409393733713806,21.648709306424983,0.2803188137326234,0.32705008897853466,0.09613246612802673
3,0.1,109.40982302296705,161.96656790118493,13.450542783377374,53.31739693796352,94.4186667594142,104.01441699109927,165.72020443840373,11.587340935283784,58.287938448437906,95.35094496193217,5.32958604293784,21.04667794792635,0.27470747258398737,0.32316987676573566,0.17594015690399267
4,0.13333333333333333,109.21309081341941,159.18029963800595,13.47766456931243,53.35371457325946,96.6900650080094,101.33798520967956,166.3595463245702,11.676903490753885,58.22639614854,97.55331134339525,5.286170411977608,20.69145658953424,0.2725374990807717,0.32663559745310483,0.21935578786422472
5,0.16666666666666666,108.24667017548418,154.3734320489446,13.498569423056315,52.97193889834134,97.84215459875655,100.24701616824433,166.79934413103427,11.89974696924783,56.76299759890206,100.23537418472745,5.2387281347820895,20.361986721008538,0.26969493361778796,0.32460287214213007,0.266798065059743
6,0.2,108.43953599321249,157.6613517423388,13.154486674287348,51.19737849637615,98.63753309818206,100.53047203079856,168.90493030408857,11.965401699745842,54.96043841611407,100.35457967284889,5.198474414706204,19.98633068408355,0.2676934380064631,0.32411995453579984,0.3070517851356289
7,0.23333333333333334,109.15417370929933,157.53400362720225,13.580453253621968,51.08025122191383,96.56959465287581,99.45154012482466,173.16800856380368,11.849060476615321,51.36954409633057,99.85213481869128,5.15921559417744,19.432711429809896,0.2692698635450662,0.3162582530961365,0.3463106056643923
8,0.26666666666666666,108.21639141038767,157.13329229154493,13.661721656820824,50.87268725095548,96.49562665978297,100.36378179029863,169.1458532130642,11.699715345072,51.236049128359554,100.26397818433655,5.140675397294368,19.291948195211415,0.2680106218140043,0.31743856114252667,0.3648508025474646
9,0.3,107.87336966186479,148.40333796950625,13.55284812515662,51.670647260140186,95.34614321395162,98.98319483671861,168.3751305385538,11.880179840666328,51.35340234981644,98.75503035286475,5.166278576703262,19.41136060909396,0.2685072847291879,0.33098005692346055,0.3392476231385704
10,0.3333333333333333,104.73572388978155,155.51795417630174,15.31023957117578,51.84959665184893,96.1171669702511,97.43784063657849,169.68894567423936,12.759542331300421,53.45257877193229,97.92800019044805,5.228377803321903,19.37459743505251,0.27355334286079686,0.3446243739676123,0.2771483965199293
11,0.36666666666666664,103.02945210708097,155.28517085316716,17.29289065012573,53.32220274699818,95.37120083613621,95.85922471885722,172.61392759246706,14.358164353849967,56.944976168562285,96.96718245898163,5.308276584345878,19.384914488819405,0.27492722505290546,0.34950663801702997,0.19724961549595488
12,0.4,101.6535359235816,154.34293130691856,18.807731536240954,55.516193406205666,91.86417843468288,99.1034876744746,168.4486148579257,15.607401713074955,59.504459409180356,92.08985433166767,5.380699317460267,19.558054646511973,0.2750305443309935,0.35219892931141616,0.1248268823815657
13,0.43333333333333335,100.57956804705294,154.2093261873116,21.057028030554783,57.51157409970614,87.16353235910022,98.92969602783748,154.92949746425126,17.576249526265865,61.611564202741555,88.96981645970347,5.425412510106517,19.13872024205507,0.2719009971071581,0.36145469479996356,0.08011368973531585
14,0.4666666666666667,103.96378835418638,149.45046472771705,24.41849008321655,59.14361886512099,81.59202058921821,104.82092506655263,155.907232546464,26.83125925562292,64.2563241183838,82.71123361094668,5.4497205198788485,18.966970298088142,0.2709691394839157,0.3642842106024327,0.05580567996298402
15,0.5,99.67751541777685,148.51510341253768,24.494716447281274,59.3043507260141,78.96432324164704,104.89455458926933,155.14299219176885,29.011483155779032,63.925724270814406,78.5152954637589,5.43582348522611,18.65143883500226,0.2463064559270194,0.37804732384666573,0.06970271461572253
16,0.5333333333333333,99.86387423951082,149.87111152730054,28.647462929273704,60.32274318210018,77.11724937929691,105.66239031916669,156.88071488831272,33.05267480514067,66.33929493344299,75.23674800482135,5.416202990439378,17.87372797817707,0.23420875252639203,0.36616611901260876,0.08932320940245475
17,0.5666666666666667,93.12604113914354,160.22891027655746,32.421725297292895,60.54700294580366,76.44115906935919,104.09343260625387,159.76610840844583,37.55557099349211,63.60088767347615,78.30050495720954,5.392339658839077,17.17136770672944,0.21600514483853386,0.3629986402930039,0.11318654100275527
18,0.6,84.55601926302963,167.52933482639946,36.35605898678232,59.97393213933716,76.93290788751185,94.65829706747458,162.09350305083086,41.309592967461874,61.307511653354666,79.9034939128351,5.477025169441919,16.40967831161424,0.20465577205593877,0.3848595874391462,0.02850103039991314
19,0.6333333333333333,76.79953035509857,169.6732189441699,48.02325272694117,58.888611894965955,77.39183392367822,82.26881667652107,166.87650660023496,45.03324750101585,61.655907658940784,79.41726658849366,5.493996224195686,15.816881163797012,0.18143345489330337,0.4019663174106256,0.01152997564614644
20,0.6666666666666666,77.5536521384967,177.59728326517492,61.09206797833658,57.77614882488681,81.52896009148994,81.29244919263479,178.04926248313947,56.62003769093452,62.919961315449896,74.6556137692782,5.518591377093652,15.044638676568363,0.16375560016737647,0.4265487005736227,-0.013065177251819549
21,0.7,80.8338321342288,161.14003111561166,68.90193522391911,56.21584005208986,83.19701702628927,79.12589251218412,173.08885637397523,64.06615614607044,61.563987738343634,79.71130315790957,5.446438758966673,12.95735532217908,0.15002345118318738,0.4356257382906745,0.05908744087515938
22,0.7333333333333333,76.817358707534,144.05329515558316,73.99486292501409,53.77805084611003,86.45971862782157,78.95277234482003,140.10750230213822,67.84506870327762,57.12880711010139,84.93421196434772,5.3362190617008896,11.148319496694473,0.13137052319477543,0.43541122912330205,0.169307138140943
23,0.7666666666666667,76.22499990265183,145.37897165853124,78.56263825676575,50.3396986049731,90.62618383272243,82.08686000184969,126.90896151552457,71.65336986849903,51.05197499655747,93.79878696804828,5.154270266817784,7.9373710691183765,0.11618978481141823,0.4022271521459952,0.35125593302404834
24,0.8,70.5986417348192,151.54923683233952,85.00683359844061,46.0431300763988,96.33302044627257,74.78928016422033,152.6677862648168,79.38313005941525,46.796292260104586,101.44134649817732,5.071149369760714,6.058089019516345,0.10406162979803318,0.3882816094083891,0.4343768300811188
25,0.8333333333333334,68.8710536157963,152.5113731056715,87.27203978606794,39.93236930979752,102.26684311158166,73.21112780476095,147.8036923072152,79.37680107367221,37.909648834047225,111.8983808994588,5.014374716153261,2.7998016557648606,0.09394501892266945,0.38906732543786565,0.4911514836885713
26,0.8666666666666667,64.51140990528927,150.14340906347027,91.35655135489314,34.3496942777973,107.9731391049682,67.3264580124117,148.11920987121323,84.51881316835164,30.959860569516223,120.91936669998049,4.833793448765572,0.9548607244369958,0.11667536652992959,0.37631948253635833,0.6717327510762603
27,0.9,67.1485376012637,154.9792908104046,97.66609205316516,25.937458739367475,121.63843324083459,70.40002429818892,138.9205252407662,89.77805011405906,26.436150879861746,127.89411833670597,4.717000549788339,-0.01598891862209229,0.10954098650345225,0.34137563046144886,0.7885256500534936
28,0.9333333333333333,59.640300530322186,153.92344907311033,102.19142725540365,20.625411088924036,130.43481904220798,72.90606241512536,96.65251191216504,91.82170694546473,23.427013816195977,137.8156632575124,4.655060015959202,-2.2253565537566278,0.13794686088775893,0.35087852302580813,0.8504661838826308
29,0.9666666666666667,67.6971966281292,165.1006050529251,106.24029352604066,13.486114415156116,145.54420683492248,82.22625644708813,147.81139059942333,94.8698831447677,19.200573547205106,141.95446319328292,4.383152184788102,-2.6887904450788094,0.1297580206948665,0.3539037773367271,1.1223740150537305
30,1.0,73.05858304633831,158.46021592255278,106.30298788709912,9.081830142760845,156.163285058164,83.95511971363925,154.98398545294486,92.4085062135999,14.343574930708677,151.92060337832885,4.2431750573493705,-2.909589335202247,0.10191419077592559,0.34562746137733874,1.262351142492462
31,1.0333333333333334,77.32775039396363,156.58736777103815,111.58325950079073,5.014971502651922,165.20072811748327,89.32329217630351,155.28791837089872,95.1372557745078,9.393624586796644,160.75904073112403,4.063399543446586,-3.1584394876620023,0.07827037185154803,0.3552069353926515,1.4421266563952466
32,1.0666666666666667,83.84533801268644,154.10966956352797,114.48248517916093,5.431237053091071,167.2562827628753,88.45936172151302,177.00778538491787,99.78541127324927,8.960629811067752,164.10157255868222,3.982620583859191,-2.821306864545974,0.06884397174502206,0.3421524740326654,1.5229056159826415
33,1.1,100.70421433248485,171.5369238507374,120.7578285298412,3.7490273936896723,171.04341560937544,131.6244993228823,165.58965890255908,127.96281627542038,4.945664766906748,171.19333016310438,3.9981417260408025,-3.684932152199405,0.07587805648556326,0.32751523116985903,1.50738447380103
34,1.1333333333333333,133.89107224009146,176.47165669259442,130.95409877486085,3.3523165840590283,174.1961466861775,141.58947538633953,174.14450279143264,127.53008909453024,4.827701149311622,170.2154348808169,3.915355636157873,-4.816093891484776,0.07856081997380897,0.30462910636622503,1.5901705636839596
35,1.1666666666666667,163.6243910036354,154.55655638458418,135.87191531893703,3.729029263637947,175.44361052005053,163.56398600780946,160.94125722188733,132.66751140237872,5.220221513857256,171.65304702287227,3.8505938540767484,-4.878840868312971,0.06252949840224448,0.2782037536466416,1.6549323457650842
36,1.2,174.37723718992734,141.14886784224365,137.0787050880538,3.5296109930268837,175.4250040305542,175.56381341792314,176.1345668452979,127.91334726304427,4.0127393712106425,173.06394147306324,3.85754713592961,-6.1314646552292364,0.07785859273036487,0.27395469120026494,1.6479790639122225
37,1.2333333333333334,173.52068305227868,168.6256102878998,137.89192429878602,3.624059106781062,174.77443147316154,173.05050783693608,172.79803111988946,135.13414858153538,3.381309661028186,174.22528416968888,3.971100534565496,-6.61983957107776,0.10480700827892214,0.28771397448633823,1.5344256652763364
38,1.2666666666666666,176.01234914687092,173.5234801826175,139.47329945940047,3.4009219031972804,174.875726577443,172.0396331523337,177.8926747058547,135.644864255303,3.616626924825313,173.78237126203038,4.005657083413859,-6.8468695449286265,0.10549211580379841,0.28877147604354864,1.4998691164279734
39,1.3,175.91799408107246,161.51120442483892,139.44667403230795,3.2032044352185727,175.38736414383385,172.51850822755188,177.84269344306708,136.41580379189045,3.6314105742027185,173.23497307475637,4.039451167694165,-6.933763779186205,0.10674415437517025,0.2951798571757754,1.4660750321476677
40,1.3333333333333333,176.513398906304,158.9003629604947,139.1117502462423,2.9223225306443505,174.33322814760768,174.4010051641003,123.02398906996144,137.71669751969057,3.6781135304874693,172.02946947514704,4.016766066307561,-6.835285533470161,0.10431746307122446,0.2684398410399541,1.4887601335342717
