frame,time_s,elbow_angle,wrist_angle,wrist_height
0,0.0,91.02033073306066,163.34698833941906,-1.0053964288078128
1,0.03333333333333333,90.06643841316702,163.3413979063982,-0.9423616188158475
2,0.06666666666666667,84.80135023860764,164.73608329208736,-0.78601862878845
3,0.1,76.72768082685435,176.51086716633168,-0.5741221758090013
4,0.13333333333333333,70.64567426123432,174.91635166749035,-0.3715528301219061
5,0.16666666666666666,68.06663209540012,178.30106124176334,-0.12710029423805486
6,0.2,72.67950872916987,176.6732678081752,0.061925381796268344
7,0.23333333333333334,72.8729328983913,165.45337195476156,0.28050002852232314
8,0.26666666666666666,69.5037858873752,158.15953327019398,0.35635903916810696
9,0.3,69.81485662284702,157.84233341808,0.43329210338706514
10,0.3333333333333333,66.080389025748,159.13173855783097,0.5139440901493554
11,0.36666666666666664,68.65024721782366,156.4913273211074,0.6027735157737436
12,0.4,68.36622470612647,158.8979390113038,0.6445379431111231
13,0.43333333333333335,67.45421627930793,158.87485582604728,0.6760799250117661
14,0.4666666666666667,67.27573099082207,148.4070984045208,0.7324190909292047
15,0.5,64.62110204180892,163.65579393997552,0.7476769324337407
16,0.5333333333333333,68.78326262731863,169.21042557087813,0.8122957048145615
17,0.5666666666666667,80.1217981034398,159.85295711292292,1.1001822116512752
18,0.6,98.25231074550658,158.11009302448778,1.3193508729112946
19,0.6333333333333333,128.9687504376406,179.3982365782919,1.5098760561490379
20,0.6666666666666666,153.20330061409845,179.31016950106599,1.5921146669275796
21,0.7,167.79341271116965,167.7461927803316,1.5486407756110283
22,0.7333333333333333,168.391202601819,154.52205814341067,1.5932005846306068
23,0.7666666666666667,171.14050862584946,138.9550454213041,1.7019251288591974
24,0.8,169.5738521659591,134.59343525114727,1.6449507757993242
25,0.8333333333333334,168.40260839409524,134.70854607882944,1.656536471449867
26,0.8666666666666667,166.3756465169937,123.39687761886955,1.7010893798373277
27,0.9,165.8711459476076,140.1345295366407,1.7127888448474737
